old_id	new_id	old_filename	new_filename	caption_title	main_text_locations	supplement_locations
A1	S1	Supplementary_Figure_A1_centre_positivity	Supplementary_Figure_S1_centre_positivity	Centre-level Day-5 RNA-seq positivity	Scientific Reports manuscript	Scientific Reports Supplementary Information
A2	S2	Supplementary_Figure_A2_probability_weight_distributions	Supplementary_Figure_S2_probability_weight_distributions	Observation-probability and weight distributions	Scientific Reports manuscript	Scientific Reports Supplementary Information
A3	S3	Supplementary_Figure_A3_pre_post_weight_SMD	Supplementary_Figure_S3_pre_post_weight_SMD	Covariate balance before and after weighting	Scientific Reports manuscript	Scientific Reports Supplementary Information
A4	S4	Supplementary_Figure_A4_all_Hallmark_unweighted_vs_IPW	Supplementary_Figure_S4_all_Hallmark_unweighted_vs_IPW	Unweighted and weighted Hallmark profiles	Scientific Reports manuscript	Scientific Reports Supplementary Information
A5	S5	Supplementary_Figure_A5_core_pathway_scenario_heatmap	Supplementary_Figure_S5_core_pathway_scenario_heatmap	Core-pathway robustness across scenarios	Scientific Reports manuscript	Scientific Reports Supplementary Information
A6	S6	Supplementary_Figure_A6_six_scenario_robustness_metrics	Supplementary_Figure_S6_six_scenario_robustness_metrics	Six-scenario robustness metrics	Scientific Reports manuscript	Scientific Reports Supplementary Information
A7	S7	Supplementary_Figure_A7_entry_boundary_sensitivity	Supplementary_Figure_S7_entry_boundary_sensitivity	Entry-boundary sensitivity	Scientific Reports manuscript	Scientific Reports Supplementary Information
A8	S8	Supplementary_Figure_A8_D5_protein_availability	Supplementary_Figure_S8_D5_protein_availability	Day-5 plasma protein availability	Scientific Reports manuscript	Scientific Reports Supplementary Information
A9	S9	Supplementary_Figure_A9_clinical_univariable_Cox	Supplementary_Figure_S9_clinical_univariable_Cox	Clinical univariable Cox associations	Scientific Reports manuscript	Scientific Reports Supplementary Information
