relative_path	expected_sha256	observed_sha256	pass
docs/superpowers/specs/2026-07-12-day5-rna-availability-ipw-design.md	b14d2bbebe28ff62c809d468446b3dde600dc4af917372e24f9bb038ce5c6aad	b14d2bbebe28ff62c809d468446b3dde600dc4af917372e24f9bb038ce5c6aad	TRUE
outputs/Day5_RNA_availability_IPW_frozen_design.md	b14d2bbebe28ff62c809d468446b3dde600dc4af917372e24f9bb038ce5c6aad	b14d2bbebe28ff62c809d468446b3dde600dc4af917372e24f9bb038ce5c6aad	TRUE
outputs/SIC_reanalysis_2026-07-11/00_audit/Protein_newQC_vs_previous_feature_rank_comparison.csv	4723d43fe2fbb921a9847eb792397de5016a5fde50af58e6cd552da8349a6d77	4723d43fe2fbb921a9847eb792397de5016a5fde50af58e6cd552da8349a6d77	TRUE
outputs/SIC_reanalysis_2026-07-11/00_audit/Protein_newQC_vs_previous_pathway_comparison.csv	a5be2d76b8f4137e478c5edc4712378c9795b6e873112fd18880e3175b97689d	a5be2d76b8f4137e478c5edc4712378c9795b6e873112fd18880e3175b97689d	TRUE
outputs/SIC_reanalysis_2026-07-11/00_audit/Protein_primary_top_Hallmark.csv	600bfb85913166cd7e93f1f62fbca339cf530669e18008c22b448818f34ef0c3	600bfb85913166cd7e93f1f62fbca339cf530669e18008c22b448818f34ef0c3	TRUE
outputs/SIC_reanalysis_2026-07-11/00_audit/RNA_Hallmark_normalization_PH_robustness.csv	15d011f5359b8bf7c8be2f650dd8198bdb46823de51c256e77296bc30698f207	15d011f5359b8bf7c8be2f650dd8198bdb46823de51c256e77296bc30698f207	TRUE
outputs/SIC_reanalysis_2026-07-11/00_audit/RNA_Hallmark_normalization_PH_robustness_counts.csv	d5305693dcd32123ac6b484015449fbf89bef02f07be93534c903d67efb5106c	d5305693dcd32123ac6b484015449fbf89bef02f07be93534c903d67efb5106c	TRUE
outputs/SIC_reanalysis_2026-07-11/00_audit/RNA_TMM_vs_previous_feature_rank_comparison.csv	14f15d324fa38a0528daf3d898b0e76cf2f3926bf0520725ad2975f57e4d6ebe	14f15d324fa38a0528daf3d898b0e76cf2f3926bf0520725ad2975f57e4d6ebe	TRUE
outputs/SIC_reanalysis_2026-07-11/00_audit/RNA_TMM_vs_previous_pathway_comparison.csv	9df6bf76750f37efb899c115bec8b38fda12eb01017683331101294e5eafff00	9df6bf76750f37efb899c115bec8b38fda12eb01017683331101294e5eafff00	TRUE
outputs/SIC_reanalysis_2026-07-11/00_audit/RNA_primary_top_Hallmark.csv	e2e949fa21c46ee717ecaed60d87a304c06dceaea241deaa4a908b14fb610659	e2e949fa21c46ee717ecaed60d87a304c06dceaea241deaa4a908b14fb610659	TRUE
outputs/SIC_reanalysis_2026-07-11/00_audit/clinical_riskset_counts.csv	61f273e4be106a60519dbcde7c2fb283e68bbdf07c00e94250d874242043ff8b	61f273e4be106a60519dbcde7c2fb283e68bbdf07c00e94250d874242043ff8b	TRUE
outputs/SIC_reanalysis_2026-07-11/00_audit/ensembl_gene_map_conflicts.csv	ee9ec0822438f33f9f1f8436490e3b2222a9524f44241141ca915a546e9cc20d	ee9ec0822438f33f9f1f8436490e3b2222a9524f44241141ca915a546e9cc20d	TRUE
outputs/SIC_reanalysis_2026-07-11/00_audit/ensembl_gene_map_legacy_derived_frozen.tsv	a061b7971e706f0bea22dc003736d4dede16bf3ec2f13536e8bce7e6ca548cc2	a061b7971e706f0bea22dc003736d4dede16bf3ec2f13536e8bce7e6ca548cc2	TRUE
outputs/SIC_reanalysis_2026-07-11/00_audit/ensembl_gene_map_orgHs_3.20_conflicts.tsv	7cf97ec1066c6ac206aa6d8814a5a5d00c92a03c95df28f3e1419f71140159d5	7cf97ec1066c6ac206aa6d8814a5a5d00c92a03c95df28f3e1419f71140159d5	TRUE
outputs/SIC_reanalysis_2026-07-11/00_audit/ensembl_gene_map_orgHs_3.20_frozen.tsv	e10052d1ad5c7efd455c8a2090c24e676bbf74748c19f530dda3b677e547b6d7	e10052d1ad5c7efd455c8a2090c24e676bbf74748c19f530dda3b677e547b6d7	TRUE
outputs/SIC_reanalysis_2026-07-11/00_audit/input_integrity_recheck.csv	ba7a22add2285574082c6f94738f5788a4e03127f93f87350b57740d228c29d9	ba7a22add2285574082c6f94738f5788a4e03127f93f87350b57740d228c29d9	TRUE
outputs/SIC_reanalysis_2026-07-11/00_audit/input_manifest_sha256.csv	9653d7ebef07d5c703e94ac5763a8ae35e5c18cd759058fcac4526171fcb9203	9653d7ebef07d5c703e94ac5763a8ae35e5c18cd759058fcac4526171fcb9203	TRUE
outputs/SIC_reanalysis_2026-07-11/00_audit/official_gene_map_summary.csv	2a25a8673da285e5b1e14929f72735dfb3481ee9527a5b551399a235c94e6466	2a25a8673da285e5b1e14929f72735dfb3481ee9527a5b551399a235c94e6466	TRUE
outputs/SIC_reanalysis_2026-07-11/00_audit/preflight_summary.json	e7a4740af3dbf160e8b93ae595afed7a495e78d6cc8ee8fe1f94d79387860b48	e7a4740af3dbf160e8b93ae595afed7a495e78d6cc8ee8fe1f94d79387860b48	TRUE
outputs/SIC_reanalysis_2026-07-11/00_audit/protein_sample_match_riskset.csv	c9f844cceb2fea963749ab612c09d49412d748eab9e797997cd0bc37d92e324e	c9f844cceb2fea963749ab612c09d49412d748eab9e797997cd0bc37d92e324e	TRUE
outputs/SIC_reanalysis_2026-07-11/00_audit/protein_workbook_sheets.csv	ba6e3e8d9ef4a65d8bc97686c4b706ac7c6fb9b7016bb792c625a573c2005393	ba6e3e8d9ef4a65d8bc97686c4b706ac7c6fb9b7016bb792c625a573c2005393	TRUE
outputs/SIC_reanalysis_2026-07-11/00_audit/rna_sample_match_riskset.csv	85e5b40f9e2801a2200b062200e2fbb97d0a4b83adcb514420a1745bc2c3ad15	85e5b40f9e2801a2200b062200e2fbb97d0a4b83adcb514420a1745bc2c3ad15	TRUE
outputs/SIC_reanalysis_2026-07-11/00_audit/sessionInfo_official_annotation.txt	05f99afcbd876065240526f94508819f37fcd1746e21575bb75459ac1d40b3cf	05f99afcbd876065240526f94508819f37fcd1746e21575bb75459ac1d40b3cf	TRUE
outputs/SIC_reanalysis_2026-07-11/01_RNA_TMM/00_RNA_TMM_normalization_factors.csv	925dd94c1c63af92aa98774dfce2d4d835ee9dfd5a384293f3b35ff22995214d	925dd94c1c63af92aa98774dfce2d4d835ee9dfd5a384293f3b35ff22995214d	TRUE
outputs/SIC_reanalysis_2026-07-11/01_RNA_TMM/00_RNA_filtering_summary.csv	da9d49eeb654bcca1aa08105dfdcaf502050cff1decbf21991c5dfe00999772d	da9d49eeb654bcca1aa08105dfdcaf502050cff1decbf21991c5dfe00999772d	TRUE
outputs/SIC_reanalysis_2026-07-11/01_RNA_TMM/01_D1_TMM_center_stratified_cox_zph.csv	b3ea6ca2e39368d60f1e5e9439faca3b0c8d4e5f99de0939a9daa75b9fad9ddb	b3ea6ca2e39368d60f1e5e9439faca3b0c8d4e5f99de0939a9daa75b9fad9ddb	TRUE
outputs/SIC_reanalysis_2026-07-11/01_RNA_TMM/01_D3_TMM_center_stratified_cox_zph.csv	4ff0a03545025f929e405f839dcfc5c84729503e2a9462beb27547e5a08a67bd	4ff0a03545025f929e405f839dcfc5c84729503e2a9462beb27547e5a08a67bd	TRUE
outputs/SIC_reanalysis_2026-07-11/01_RNA_TMM/01_D5_TMM_center_stratified_cox_zph.csv	9931db2dfc989b5c0222f20cd5f5748b8b9d5ed39772455d197fad418f36fb5d	9931db2dfc989b5c0222f20cd5f5748b8b9d5ed39772455d197fad418f36fb5d	TRUE
outputs/SIC_reanalysis_2026-07-11/01_RNA_TMM/02_all_RNA_TMM_center_stratified_cox_zph.csv	ebbc3d3be39f1475d6abe1d15ad53a07e6cae048eec809eba3d58c86f472359e	ebbc3d3be39f1475d6abe1d15ad53a07e6cae048eec809eba3d58c86f472359e	TRUE
outputs/SIC_reanalysis_2026-07-11/01_RNA_TMM/03_RNA_TMM_Hallmark_primary_PHpass.csv	5f002191b4790f323cb3cffe1a5f0f67e160e7dd9c96b02fabcd2ea19fa73e5f	5f002191b4790f323cb3cffe1a5f0f67e160e7dd9c96b02fabcd2ea19fa73e5f	TRUE
outputs/SIC_reanalysis_2026-07-11/01_RNA_TMM/04_RNA_TMM_Hallmark_leading_edge_long.csv	adc72fd451cd08687eddeb49a1c9a0f86c6c78bee39c583db2e29292a5f854bc	adc72fd451cd08687eddeb49a1c9a0f86c6c78bee39c583db2e29292a5f854bc	TRUE
outputs/SIC_reanalysis_2026-07-11/01_RNA_TMM/05_RNA_TMM_Cox_diagnostics.csv	1d4dc96ed3bb2761548bc95585eaedc29362f1b6e100bad6eec7edbdfd8a135a	1d4dc96ed3bb2761548bc95585eaedc29362f1b6e100bad6eec7edbdfd8a135a	TRUE
outputs/SIC_reanalysis_2026-07-11/01_RNA_TMM/05_RNA_TMM_GSEA_diagnostics.csv	024c4eab9981329ca5d9e704138603a6d581428f959cfdf942fc962b0b4a3293	024c4eab9981329ca5d9e704138603a6d581428f959cfdf942fc962b0b4a3293	TRUE
outputs/SIC_reanalysis_2026-07-11/01_RNA_TMM/RNA_TMM_final_results.rds	602ddbd0a0b76673cc3f88fa4bc10a99c731066ac33f2c020cde4e3f8702267e	602ddbd0a0b76673cc3f88fa4bc10a99c731066ac33f2c020cde4e3f8702267e	TRUE
outputs/SIC_reanalysis_2026-07-11/01_RNA_TMM/RNA_TMM_logCPM_gene_by_sample.rds	19ccdfedaee67ebbc4d75a8cb549f74217ff19cd331f390e13ec8b924c675291	19ccdfedaee67ebbc4d75a8cb549f74217ff19cd331f390e13ec8b924c675291	TRUE
outputs/SIC_reanalysis_2026-07-11/01_RNA_TMM/sessionInfo_RNA.txt	b2af18972873bacd346d1c916cadff8745762e4c39893153e10cf19bfc646db5	b2af18972873bacd346d1c916cadff8745762e4c39893153e10cf19bfc646db5	TRUE
outputs/SIC_reanalysis_2026-07-11/01_RNA_TMM/sessionInfo_RNA_Cox.txt	861863580576657a7147639dfd0807b4cc1165163a22f8e7afc5b552eec93379	861863580576657a7147639dfd0807b4cc1165163a22f8e7afc5b552eec93379	TRUE
outputs/SIC_reanalysis_2026-07-11/02_Protein/00_Protein_QC_duplicate_resolution_audit.csv	3d3bdad1b87cc6641946f1c68972e9c703fd00c08c79b787614dd703aa9cfea0	3d3bdad1b87cc6641946f1c68972e9c703fd00c08c79b787614dd703aa9cfea0	TRUE
outputs/SIC_reanalysis_2026-07-11/02_Protein/00_Protein_sample_QC.csv	284687e1807933d9b7035043ffa00ac41160a1cd3cbb097ee91ac61d893fb94d	284687e1807933d9b7035043ffa00ac41160a1cd3cbb097ee91ac61d893fb94d	TRUE
outputs/SIC_reanalysis_2026-07-11/02_Protein/00_Protein_selected_features.csv	3d3bdad1b87cc6641946f1c68972e9c703fd00c08c79b787614dd703aa9cfea0	3d3bdad1b87cc6641946f1c68972e9c703fd00c08c79b787614dd703aa9cfea0	TRUE
outputs/SIC_reanalysis_2026-07-11/02_Protein/01_D1_center_primary_cox_zph.csv	883faab6117170f6d8a896d04350434fbc20b8f6c76df2a680f1486f9975b6b2	883faab6117170f6d8a896d04350434fbc20b8f6c76df2a680f1486f9975b6b2	TRUE
outputs/SIC_reanalysis_2026-07-11/02_Protein/01_D1_median_center_sensitivity_cox_zph.csv	525e28824d8b2f66cb67b5f6ac133d119b402dac533708e45e137211c6793919	525e28824d8b2f66cb67b5f6ac133d119b402dac533708e45e137211c6793919	TRUE
outputs/SIC_reanalysis_2026-07-11/02_Protein/01_D3_center_primary_cox_zph.csv	3601ec0ddc45c4fc4207ac5aa95792662009ae22bcde29f76b1b25fabaa98af8	3601ec0ddc45c4fc4207ac5aa95792662009ae22bcde29f76b1b25fabaa98af8	TRUE
outputs/SIC_reanalysis_2026-07-11/02_Protein/01_D3_median_center_sensitivity_cox_zph.csv	3f6dd7f2a37dba8c18dc37496a702f00d312f759f982093602d81e8e2a5ffa85	3f6dd7f2a37dba8c18dc37496a702f00d312f759f982093602d81e8e2a5ffa85	TRUE
outputs/SIC_reanalysis_2026-07-11/02_Protein/01_D5_center_primary_cox_zph.csv	4482ba8f77a0e78adfaeb92a0d98cbb34dc73e294ff6f89e1e648856b75af976	4482ba8f77a0e78adfaeb92a0d98cbb34dc73e294ff6f89e1e648856b75af976	TRUE
outputs/SIC_reanalysis_2026-07-11/02_Protein/01_D5_median_center_sensitivity_cox_zph.csv	2412f5ff5e0a2b63843b903ce47ee743df1f375f2b8851bfa26df390e6782a04	2412f5ff5e0a2b63843b903ce47ee743df1f375f2b8851bfa26df390e6782a04	TRUE
outputs/SIC_reanalysis_2026-07-11/02_Protein/02_all_Protein_models_cox_zph.csv	17f91e53d614992686990b5ac36b93847ab3a7b7f02ab6063821c9a0901b83b3	17f91e53d614992686990b5ac36b93847ab3a7b7f02ab6063821c9a0901b83b3	TRUE
outputs/SIC_reanalysis_2026-07-11/02_Protein/03_Protein_Hallmark_all_models.csv	a2f1f591c025df222cead167be48262911a4b14795dc5a56295fff0418e4ffa6	a2f1f591c025df222cead167be48262911a4b14795dc5a56295fff0418e4ffa6	TRUE
outputs/SIC_reanalysis_2026-07-11/02_Protein/04_Protein_Hallmark_leading_edge_long.csv	645af9dadbac4b6e43022aa85cdbb1e2e8034971a6d3de74271623af0179c373	645af9dadbac4b6e43022aa85cdbb1e2e8034971a6d3de74271623af0179c373	TRUE
outputs/SIC_reanalysis_2026-07-11/02_Protein/05_Protein_GSEA_diagnostics.csv	f22233363e8bf4492410d051a276aed5c55e4ca6d04481f10813070300cf32a8	f22233363e8bf4492410d051a276aed5c55e4ca6d04481f10813070300cf32a8	TRUE
outputs/SIC_reanalysis_2026-07-11/02_Protein/05_Protein_model_diagnostics.csv	190ab546df770c535ae37c36578657247913f8e4d144646dcf7deaa5a7cd180e	190ab546df770c535ae37c36578657247913f8e4d144646dcf7deaa5a7cd180e	TRUE
outputs/SIC_reanalysis_2026-07-11/02_Protein/Protein_QC_gene_by_sample.rds	05fbea1b656e51154faef6157642d5043f2274912143ebe125d2e09fdeddf9d5	05fbea1b656e51154faef6157642d5043f2274912143ebe125d2e09fdeddf9d5	TRUE
outputs/SIC_reanalysis_2026-07-11/02_Protein/Protein_final_results.rds	5ae7887dacc98c54f27727f4c166e4c176d0799511713c204204ff2b72cf0815	5ae7887dacc98c54f27727f4c166e4c176d0799511713c204204ff2b72cf0815	TRUE
outputs/SIC_reanalysis_2026-07-11/02_Protein/sessionInfo_Protein.txt	b2af18972873bacd346d1c916cadff8745762e4c39893153e10cf19bfc646db5	b2af18972873bacd346d1c916cadff8745762e4c39893153e10cf19bfc646db5	TRUE
outputs/SIC_reanalysis_2026-07-11/03_CrossOmics/01_RNA_patient_core_pathway_rank_scores.csv	90e71b1ce90b9f51f02fe52a206b8986efd518b5ce2571d54cef2e8975bab0b3	90e71b1ce90b9f51f02fe52a206b8986efd518b5ce2571d54cef2e8975bab0b3	TRUE
outputs/SIC_reanalysis_2026-07-11/03_CrossOmics/02_Protein_patient_core_pathway_rank_scores.csv	97195b643917b9b89f715968a4b2310ce3a98a709296ea218683e699e4c64c12	97195b643917b9b89f715968a4b2310ce3a98a709296ea218683e699e4c64c12	TRUE
outputs/SIC_reanalysis_2026-07-11/03_CrossOmics/03_Protein_sample_global_intensity.csv	4baacbedb69b182abdd44eacf2d53f17ca279bdabeed5d9d2ad6f7ddeb1577a7	4baacbedb69b182abdd44eacf2d53f17ca279bdabeed5d9d2ad6f7ddeb1577a7	TRUE
outputs/SIC_reanalysis_2026-07-11/03_CrossOmics/04_same_time_RNA_Protein_partial_spearman.csv	fcd963eb3550e75d8f72bf7bfe8b195d38e01b35dac89dff0cbb2d59eeb35499	fcd963eb3550e75d8f72bf7bfe8b195d38e01b35dac89dff0cbb2d59eeb35499	TRUE
outputs/SIC_reanalysis_2026-07-11/03_CrossOmics/05_forward_cross_lag_HC3.csv	42ff377da3b1eedaae81e899bb0f8af64c5e36986c05164c2245e92ab7b3d4a1	42ff377da3b1eedaae81e899bb0f8af64c5e36986c05164c2245e92ab7b3d4a1	TRUE
outputs/SIC_reanalysis_2026-07-11/03_CrossOmics/06_reverse_cross_lag_HC3.csv	098eb8092dbcc3685983c28dc46176d49f6ebe554628a04b99f487e565b84ff5	098eb8092dbcc3685983c28dc46176d49f6ebe554628a04b99f487e565b84ff5	TRUE
outputs/SIC_reanalysis_2026-07-11/03_CrossOmics/07_core_pathway_feature_coverage.csv	9e88e55305baf912bef29d01e1dc7975a25631ff9147cd1dbed70a6e39a3cd00	9e88e55305baf912bef29d01e1dc7975a25631ff9147cd1dbed70a6e39a3cd00	TRUE
outputs/SIC_reanalysis_2026-07-11/03_CrossOmics/CrossOmics_reanalysis_objects.rds	609bcef714e3758aaca8768266892ff0d72e126066299cc1adbc053f7161b80b	609bcef714e3758aaca8768266892ff0d72e126066299cc1adbc053f7161b80b	TRUE
outputs/SIC_reanalysis_2026-07-11/03_CrossOmics/sessionInfo_CrossOmics.txt	c32491574c48f91e8088343e7de8c393c120e484fd6814d404dfe2eb4b970dc5	c32491574c48f91e8088343e7de8c393c120e484fd6814d404dfe2eb4b970dc5	TRUE
outputs/SIC_reanalysis_2026-07-11/04_Figures_Tables/Figure1_study_design_risksets.pdf	462f810f1bcb4a5bd6d7ef26d64684354d30a9b1eb87da57e9d754dba4d85677	462f810f1bcb4a5bd6d7ef26d64684354d30a9b1eb87da57e9d754dba4d85677	TRUE
outputs/SIC_reanalysis_2026-07-11/04_Figures_Tables/Figure1_study_design_risksets.png	cde703109cad72b2b6b771904eff51a0bad13048be332d83abd958b69e260789	cde703109cad72b2b6b771904eff51a0bad13048be332d83abd958b69e260789	TRUE
outputs/SIC_reanalysis_2026-07-11/04_Figures_Tables/Figure1_study_design_risksets.svg	0fe5618dc0711730ef4943b72e786cf14389bff3d80bf62c51203c3cb3d9c9b9	0fe5618dc0711730ef4943b72e786cf14389bff3d80bf62c51203c3cb3d9c9b9	TRUE
outputs/SIC_reanalysis_2026-07-11/04_Figures_Tables/Figure1_study_design_risksets.tiff	3b40fde10dd27dda0a4b9f76349d63d9f41c79b9ba3063222b25d3733511aae9	3b40fde10dd27dda0a4b9f76349d63d9f41c79b9ba3063222b25d3733511aae9	TRUE
outputs/SIC_reanalysis_2026-07-11/04_Figures_Tables/Figure2_RNA_core_NES_robustness.pdf	ed194fa84b8580a56340441d0ba3535018232f2151d76c15a31146fb86e210d5	ed194fa84b8580a56340441d0ba3535018232f2151d76c15a31146fb86e210d5	TRUE
outputs/SIC_reanalysis_2026-07-11/04_Figures_Tables/Figure2_RNA_core_NES_robustness.png	98cdebba4b0f2b8309d0ce7de38b74e284440d194b527423447963df90251888	98cdebba4b0f2b8309d0ce7de38b74e284440d194b527423447963df90251888	TRUE
outputs/SIC_reanalysis_2026-07-11/04_Figures_Tables/Figure2_RNA_core_NES_robustness.svg	6585f566eb02b1b1fcea4f355d303e97e3edfbac45397fbf3273f06ff97e3a26	6585f566eb02b1b1fcea4f355d303e97e3edfbac45397fbf3273f06ff97e3a26	TRUE
outputs/SIC_reanalysis_2026-07-11/04_Figures_Tables/Figure2_RNA_core_NES_robustness.tiff	2e665048c4f41a704bb8e85e1f33f2575bbca1cbaafdbc4a2d4ccdaab0cc5a4e	2e665048c4f41a704bb8e85e1f33f2575bbca1cbaafdbc4a2d4ccdaab0cc5a4e	TRUE
outputs/SIC_reanalysis_2026-07-11/04_Figures_Tables/Figure3_Protein_core_NES_robustness.pdf	13f8feffe8d02564f656f9fb036b6dd453c64cfee3ae7f37636d26cb21680ddb	13f8feffe8d02564f656f9fb036b6dd453c64cfee3ae7f37636d26cb21680ddb	TRUE
outputs/SIC_reanalysis_2026-07-11/04_Figures_Tables/Figure3_Protein_core_NES_robustness.png	1374ad5d6b9e9e810693c99bee57f6a07d1e8b986fd75f418d289fb9ad99dcb5	1374ad5d6b9e9e810693c99bee57f6a07d1e8b986fd75f418d289fb9ad99dcb5	TRUE
outputs/SIC_reanalysis_2026-07-11/04_Figures_Tables/Figure3_Protein_core_NES_robustness.svg	b1852275f0ec77223b20d43456b98c38df295b89c6fa7c8942e40c09d323fd8b	b1852275f0ec77223b20d43456b98c38df295b89c6fa7c8942e40c09d323fd8b	TRUE
outputs/SIC_reanalysis_2026-07-11/04_Figures_Tables/Figure3_Protein_core_NES_robustness.tiff	9a8c2f0dc4f5b49a12bab01316b7f0ae719496f07001440737fad6f54ccb0d16	9a8c2f0dc4f5b49a12bab01316b7f0ae719496f07001440737fad6f54ccb0d16	TRUE
outputs/SIC_reanalysis_2026-07-11/04_Figures_Tables/Figure4_CrossOmics_IFN_coupling.pdf	c35e80233f079c0fd24cd41ceba88d85c952481b06676e8a2a1ef69dd5bf98a8	c35e80233f079c0fd24cd41ceba88d85c952481b06676e8a2a1ef69dd5bf98a8	TRUE
outputs/SIC_reanalysis_2026-07-11/04_Figures_Tables/Figure4_CrossOmics_IFN_coupling.png	d66ae0bec1470e8feffb23f439832505bc58e1846aaa64edb45c08f947a0d17b	d66ae0bec1470e8feffb23f439832505bc58e1846aaa64edb45c08f947a0d17b	TRUE
outputs/SIC_reanalysis_2026-07-11/04_Figures_Tables/Figure4_CrossOmics_IFN_coupling.svg	7d00c0c05e9847e968c5d02032b73955a03e8f13fac2e1a7c6498c966454c1e4	7d00c0c05e9847e968c5d02032b73955a03e8f13fac2e1a7c6498c966454c1e4	TRUE
outputs/SIC_reanalysis_2026-07-11/04_Figures_Tables/Figure4_CrossOmics_IFN_coupling.tiff	4875e097e47cf9e2243cee56738a3abf580e1db8c3adf14fe835e7e1e4ca711c	4875e097e47cf9e2243cee56738a3abf580e1db8c3adf14fe835e7e1e4ca711c	TRUE
outputs/SIC_reanalysis_2026-07-11/04_Figures_Tables/Graphical_Abstract.pdf	b7f6a193a951263c55864dee0a54720a47f5dc1cbfac7dcaa393f35d5204ed56	b7f6a193a951263c55864dee0a54720a47f5dc1cbfac7dcaa393f35d5204ed56	TRUE
outputs/SIC_reanalysis_2026-07-11/04_Figures_Tables/Graphical_Abstract.png	039c88e604a631f9a84e680d9d117ab860fa878cd19f1f33f7cfec3e01f31ee0	039c88e604a631f9a84e680d9d117ab860fa878cd19f1f33f7cfec3e01f31ee0	TRUE
outputs/SIC_reanalysis_2026-07-11/04_Figures_Tables/Graphical_Abstract.svg	7834979bcba2287f8f6542c68b41e727ffcfb3724f98e035b8a7067e77030e26	7834979bcba2287f8f6542c68b41e727ffcfb3724f98e035b8a7067e77030e26	TRUE
outputs/SIC_reanalysis_2026-07-11/04_Figures_Tables/Graphical_Abstract.tiff	01663e655a1b03efbb82df7f8c4ffc70f5315ab2825506658b1ce46389b02784	01663e655a1b03efbb82df7f8c4ffc70f5315ab2825506658b1ce46389b02784	TRUE
outputs/SIC_reanalysis_2026-07-11/04_Figures_Tables/Representative_Protein_GSEA_curves.pdf	f88fd5258ab403a71a0c171c8a1efa0afa2f6b9134b57781f60239d820ab31c1	f88fd5258ab403a71a0c171c8a1efa0afa2f6b9134b57781f60239d820ab31c1	TRUE
outputs/SIC_reanalysis_2026-07-11/04_Figures_Tables/Representative_Protein_GSEA_curves.png	36e1ec1836e4e1a152cb74da69d35dc5cb6c763c628e829d9dca3dd72c4359d7	36e1ec1836e4e1a152cb74da69d35dc5cb6c763c628e829d9dca3dd72c4359d7	TRUE
outputs/SIC_reanalysis_2026-07-11/04_Figures_Tables/Representative_Protein_GSEA_curves.svg	d2909ca880138cc07e0e9b6791c25456f10544e5050f31f5fd4ca10b5893a402	d2909ca880138cc07e0e9b6791c25456f10544e5050f31f5fd4ca10b5893a402	TRUE
outputs/SIC_reanalysis_2026-07-11/04_Figures_Tables/Representative_Protein_GSEA_curves.tiff	425db611be1d6e82927a8e2908fdc7bab1658a749804392dca80157244654c9f	425db611be1d6e82927a8e2908fdc7bab1658a749804392dca80157244654c9f	TRUE
outputs/SIC_reanalysis_2026-07-11/04_Figures_Tables/Representative_RNA_GSEA_curves.pdf	18a5443d3cbe1bd9af9da1e459e4938e5170351c842138bc5cb5ea6d8c8cd77e	18a5443d3cbe1bd9af9da1e459e4938e5170351c842138bc5cb5ea6d8c8cd77e	TRUE
outputs/SIC_reanalysis_2026-07-11/04_Figures_Tables/Representative_RNA_GSEA_curves.png	4e735007788d4e5fab0ee0ece46e2d6046f475e58083efc9673d97ab3705ad41	4e735007788d4e5fab0ee0ece46e2d6046f475e58083efc9673d97ab3705ad41	TRUE
outputs/SIC_reanalysis_2026-07-11/04_Figures_Tables/Representative_RNA_GSEA_curves.svg	845923133c0f5f65b062d2ee7bad14d0186718237a0994c5bcb63fe9441a2928	845923133c0f5f65b062d2ee7bad14d0186718237a0994c5bcb63fe9441a2928	TRUE
outputs/SIC_reanalysis_2026-07-11/04_Figures_Tables/Representative_RNA_GSEA_curves.tiff	360022b6c041349882a544f6dca208b8cc268919b2e27aa14ab04ac0fbb850a8	360022b6c041349882a544f6dca208b8cc268919b2e27aa14ab04ac0fbb850a8	TRUE
outputs/SIC_reanalysis_2026-07-11/04_Figures_Tables/SourceData_Figure2_RNA_core_NES.csv	814ffdfb40ee579e0a65d80aab4fb808bb4fa6e10a28c46603b57229b971bb11	814ffdfb40ee579e0a65d80aab4fb808bb4fa6e10a28c46603b57229b971bb11	TRUE
outputs/SIC_reanalysis_2026-07-11/04_Figures_Tables/SourceData_Figure3_Protein_core_NES.csv	91df94e0929a513600eb186b3e90098f6c5a70cd93feb034c0c318fcdd6030c3	91df94e0929a513600eb186b3e90098f6c5a70cd93feb034c0c318fcdd6030c3	TRUE
outputs/SIC_reanalysis_2026-07-11/04_Figures_Tables/SourceData_Figure4_forward.csv	dce02a7502b8b74196aa9eaaa0d0a78cfd90b5067457996fedabd361a9fd6da3	dce02a7502b8b74196aa9eaaa0d0a78cfd90b5067457996fedabd361a9fd6da3	TRUE
outputs/SIC_reanalysis_2026-07-11/04_Figures_Tables/SourceData_Figure4_reverse.csv	098eb8092dbcc3685983c28dc46176d49f6ebe554628a04b99f487e565b84ff5	098eb8092dbcc3685983c28dc46176d49f6ebe554628a04b99f487e565b84ff5	TRUE
outputs/SIC_reanalysis_2026-07-11/04_Figures_Tables/SourceData_Figure4_same_time.csv	567c2f5fce3bd0b90f231999dc36561f75d1034f1730be09244ed0460d15549c	567c2f5fce3bd0b90f231999dc36561f75d1034f1730be09244ed0460d15549c	TRUE
outputs/SIC_reanalysis_2026-07-11/04_Figures_Tables/Supplementary_Protein_Cox_volcanoes.pdf	c4830999b6111008e0fd204eb632ec35944e1b25ab305b288834fcd1c2e13a0c	c4830999b6111008e0fd204eb632ec35944e1b25ab305b288834fcd1c2e13a0c	TRUE
outputs/SIC_reanalysis_2026-07-11/04_Figures_Tables/Supplementary_Protein_Cox_volcanoes.png	93daa066604369b90737d63c0d270ec8a0af008e0ed80fb3acc2d080dab286c1	93daa066604369b90737d63c0d270ec8a0af008e0ed80fb3acc2d080dab286c1	TRUE
outputs/SIC_reanalysis_2026-07-11/04_Figures_Tables/Supplementary_Protein_Cox_volcanoes.svg	186b03f4e527b51b8a25807d66db7a51fad7c216c6b8c8b777eb1e4abeec16cf	186b03f4e527b51b8a25807d66db7a51fad7c216c6b8c8b777eb1e4abeec16cf	TRUE
outputs/SIC_reanalysis_2026-07-11/04_Figures_Tables/Supplementary_Protein_Cox_volcanoes.tiff	4fc592135e64859c49b29616abd11cc8344b75fc57bb676eab286dfd1de15429	4fc592135e64859c49b29616abd11cc8344b75fc57bb676eab286dfd1de15429	TRUE
outputs/SIC_reanalysis_2026-07-11/04_Figures_Tables/Supplementary_RNA_Cox_volcanoes.pdf	bc85e6779682fe6c140243b2b40acfe8ca92d06d57cb6cc58c5e03a017b1c0f2	bc85e6779682fe6c140243b2b40acfe8ca92d06d57cb6cc58c5e03a017b1c0f2	TRUE
outputs/SIC_reanalysis_2026-07-11/04_Figures_Tables/Supplementary_RNA_Cox_volcanoes.png	54ddac44ffd331567f4a43b05784e349917f59728dbba5f45d58b8b1257106f1	54ddac44ffd331567f4a43b05784e349917f59728dbba5f45d58b8b1257106f1	TRUE
outputs/SIC_reanalysis_2026-07-11/04_Figures_Tables/Supplementary_RNA_Cox_volcanoes.svg	5c80c089d923a91f2ca6d4ae9df24997f588d6f32f96833d89d4081a60ceb484	5c80c089d923a91f2ca6d4ae9df24997f588d6f32f96833d89d4081a60ceb484	TRUE
outputs/SIC_reanalysis_2026-07-11/04_Figures_Tables/Supplementary_RNA_Cox_volcanoes.tiff	d365c8e32fba09908e65e19806878716f0509e0be30c723818d048cc9e988f3c	d365c8e32fba09908e65e19806878716f0509e0be30c723818d048cc9e988f3c	TRUE
outputs/SIC_reanalysis_2026-07-11/04_Figures_Tables/Supplementary_Tables_complete.xlsx	8dc5f10e444c2ea409301ed34095ef696ce8e29addf0a3bd8762989c72301e2b	8dc5f10e444c2ea409301ed34095ef696ce8e29addf0a3bd8762989c72301e2b	TRUE
outputs/SIC_reanalysis_2026-07-11/04_Figures_Tables/sessionInfo_figures.txt	8a6b4394c7ae766894486049081481a2ee3ba23419d4fd18fc7e6598a3bbabd7	8a6b4394c7ae766894486049081481a2ee3ba23419d4fd18fc7e6598a3bbabd7	TRUE
outputs/SIC_reanalysis_2026-07-11/05_Clinical_Tables/CLINICAL_DATA_PROCESSING_RISK_AUDIT_CN.md	04377001ba4393e1d82a02443123de09f22f618759bd0a554ce339d30cdd492f	04377001ba4393e1d82a02443123de09f22f618759bd0a554ce339d30cdd492f	TRUE
outputs/SIC_reanalysis_2026-07-11/05_Clinical_Tables/Clinical_Table1_and_Univariable_Cox.xlsx	612fd87069d579bdb4925adf7fbd83d44e97775eea38a3d96a5e43f205b55672	612fd87069d579bdb4925adf7fbd83d44e97775eea38a3d96a5e43f205b55672	TRUE
outputs/SIC_reanalysis_2026-07-11/05_Clinical_Tables/Clinical_Table1_and_Univariable_Cox.xlsx.inspect.ndjson	a21f5f8e15398e6edb50ecfc06f46d5a21b78772f75ddb4de87d369172e0697a	a21f5f8e15398e6edb50ecfc06f46d5a21b78772f75ddb4de87d369172e0697a	TRUE
outputs/SIC_reanalysis_2026-07-11/05_Clinical_Tables/Clinical_analysis_diagnostics.csv	b6f9cf72e0a77c596748a964ed98459f48353079ad67d2dcca1e669f9f20a51e	b6f9cf72e0a77c596748a964ed98459f48353079ad67d2dcca1e669f9f20a51e	TRUE
outputs/SIC_reanalysis_2026-07-11/05_Clinical_Tables/Clinical_drop5_event_time_sensitivity.csv	531e461519126b6224b4d026ef8bfc4e8292b783f511b6c9c43070168ab689e9	531e461519126b6224b4d026ef8bfc4e8292b783f511b6c9c43070168ab689e9	TRUE
outputs/SIC_reanalysis_2026-07-11/05_Clinical_Tables/Clinical_excluded_missing_variables.csv	f9f13df8da4a1424df45e3b8cbf0c578e03c4295d5944a1544424be8eb0fe4f4	f9f13df8da4a1424df45e3b8cbf0c578e03c4295d5944a1544424be8eb0fe4f4	TRUE
outputs/SIC_reanalysis_2026-07-11/05_Clinical_Tables/Clinical_infection_source_mapping.csv	11f89b094885c04a9c21954c3c4e527718445243f1124a15263f3868caaa2a8e	11f89b094885c04a9c21954c3c4e527718445243f1124a15263f3868caaa2a8e	TRUE
outputs/SIC_reanalysis_2026-07-11/05_Clinical_Tables/Clinical_outcome_time_provenance_audit.csv	6579abe6605ad74473131fe814c76be8077de941615b97066db803dd1953b683	6579abe6605ad74473131fe814c76be8077de941615b97066db803dd1953b683	TRUE
outputs/SIC_reanalysis_2026-07-11/05_Clinical_Tables/Clinical_sparse_event_audit.csv	509b2a6204960f47dd3365c99a3c985b71d8c4e5ab4cf346dae1e927708d8b10	509b2a6204960f47dd3365c99a3c985b71d8c4e5ab4cf346dae1e927708d8b10	TRUE
outputs/SIC_reanalysis_2026-07-11/05_Clinical_Tables/Clinical_univariable_Cox.csv	e86e69044a22c2768ef2590fb9f8fb6d1a520fe63aeff881eb5ea3a7c1b90a41	e86e69044a22c2768ef2590fb9f8fb6d1a520fe63aeff881eb5ea3a7c1b90a41	TRUE
outputs/SIC_reanalysis_2026-07-11/05_Clinical_Tables/Clinical_variable_dictionary.csv	9beb7a33bccf3aec5e6d15a1b0b3b7cb0ca5008ed360dc384047e196129e38d6	9beb7a33bccf3aec5e6d15a1b0b3b7cb0ca5008ed360dc384047e196129e38d6	TRUE
outputs/SIC_reanalysis_2026-07-11/05_Clinical_Tables/Table1_baseline_characteristics.csv	0a29555c57b8f0b773eaf4dbff2eac532f38a50da85c6a3f7b73c8c090fd378e	0a29555c57b8f0b773eaf4dbff2eac532f38a50da85c6a3f7b73c8c090fd378e	TRUE
outputs/SIC_reanalysis_2026-07-11/05_Clinical_Tables/sessionInfo_Clinical.txt	a10929b3523cfd8eec86cb46be1bcda0d83eb6df23ff90646c2fd7da334206a8	a10929b3523cfd8eec86cb46be1bcda0d83eb6df23ff90646c2fd7da334206a8	TRUE
outputs/SIC_reanalysis_2026-07-11/06_Availability_IPW_final/00_entry_riskset_counts.csv	e1876f788ba4fecccfb12c09f20001d3a3f660e806bf703c380b7694603cf24b	e1876f788ba4fecccfb12c09f20001d3a3f660e806bf703c380b7694603cf24b	TRUE
outputs/SIC_reanalysis_2026-07-11/06_Availability_IPW_final/01_centre_positivity_audit.csv	31dee30f09b13792dd5ee4890dbe25c04298e217ca3b3f31ad85aeb302c57f92	31dee30f09b13792dd5ee4890dbe25c04298e217ca3b3f31ad85aeb302c57f92	TRUE
outputs/SIC_reanalysis_2026-07-11/06_Availability_IPW_final/02_survival_time_origin_and_60day_audit.csv	f678f8a17532b42ff3d2488fd435b034ddd0f931c0c3226a20f0452aa19cbf23	f678f8a17532b42ff3d2488fd435b034ddd0f931c0c3226a20f0452aa19cbf23	TRUE
outputs/SIC_reanalysis_2026-07-11/06_Availability_IPW_final/03_availability_covariate_missingness.csv	b6e362f1a140d000c438b22fb3b95bad05c96e71fe99120195d3283aed7cedf6	b6e362f1a140d000c438b22fb3b95bad05c96e71fe99120195d3283aed7cedf6	TRUE
outputs/SIC_reanalysis_2026-07-11/06_Availability_IPW_final/04_D5_Protein_descriptive_availability_and_nesting.csv	b0fffeede2439f82d48e6d4a7e6c2b3847fa5d0d6bbaf70bdf33e3a08c832e4c	b0fffeede2439f82d48e6d4a7e6c2b3847fa5d0d6bbaf70bdf33e3a08c832e4c	TRUE
outputs/SIC_reanalysis_2026-07-11/06_Availability_IPW_final/05_availability_prefit_rank_separation.csv	9ffad5b57db1ddb1a1377a7e8db0a94d4893ace76c544c8ffc5b32d1ee974d4e	9ffad5b57db1ddb1a1377a7e8db0a94d4893ace76c544c8ffc5b32d1ee974d4e	TRUE
outputs/SIC_reanalysis_2026-07-11/06_Availability_IPW_final/06_availability_factor_zero_cells.csv	8d10c96dfe1d73fc8e9418a40eb5f56609979383c2901b724ecc2c16cce3e488	8d10c96dfe1d73fc8e9418a40eb5f56609979383c2901b724ecc2c16cce3e488	TRUE
outputs/SIC_reanalysis_2026-07-11/06_Availability_IPW_final/07_availability_model_coefficients.csv	03875bc2ec33cf7c2d3848e21321a8e33d9072395a167f75ad9ea94f62ff7ce8	03875bc2ec33cf7c2d3848e21321a8e33d9072395a167f75ad9ea94f62ff7ce8	TRUE
outputs/SIC_reanalysis_2026-07-11/06_Availability_IPW_final/08_weight_diagnostics.csv	6d6924261dbbd1c6f523bcc521b923fce0ea0a0f3d0398520a084d2fa501ab71	6d6924261dbbd1c6f523bcc521b923fce0ea0a0f3d0398520a084d2fa501ab71	TRUE
outputs/SIC_reanalysis_2026-07-11/06_Availability_IPW_final/09_weight_balance_SMD.csv	f722d27398cec5610a527eb27d32ff0b87f8f9146a5640e90a4c6803e21a765f	f722d27398cec5610a527eb27d32ff0b87f8f9146a5640e90a4c6803e21a765f	TRUE
outputs/SIC_reanalysis_2026-07-11/06_Availability_IPW_final/10_frozen_transform_constants.csv	bc41379ded792b8dd107f085099bba656f7e7402c17b5e8456420672b0a811a5	bc41379ded792b8dd107f085099bba656f7e7402c17b5e8456420672b0a811a5	TRUE
outputs/SIC_reanalysis_2026-07-11/06_Availability_IPW_final/11_Cox_entry3.75_SOFA_D3.csv	b068af60c8707a30088762c87e22999eed0e3576c6d97f98e611890168bad94b	b068af60c8707a30088762c87e22999eed0e3576c6d97f98e611890168bad94b	TRUE
outputs/SIC_reanalysis_2026-07-11/06_Availability_IPW_final/11_Cox_entry4.25_SOFA_D3.csv	aebb7e386282a5625231c54bf7cd09dbd84c85ff7f06ca5373dfc94f63d31ca8	aebb7e386282a5625231c54bf7cd09dbd84c85ff7f06ca5373dfc94f63d31ca8	TRUE
outputs/SIC_reanalysis_2026-07-11/06_Availability_IPW_final/11_Cox_entry4_PF_PLT_D3.csv	9353302e0f1220244211b7d1ee6d0a5577aaba1f8f4d1032556befb7f12fab3c	9353302e0f1220244211b7d1ee6d0a5577aaba1f8f4d1032556befb7f12fab3c	TRUE
outputs/SIC_reanalysis_2026-07-11/06_Availability_IPW_final/11_Cox_entry4_PF_PLT_noD3.csv	5d8aca16250908d837662964c9e2e7ff2f94dc61490c83038b6fc999bd7dfc0b	5d8aca16250908d837662964c9e2e7ff2f94dc61490c83038b6fc999bd7dfc0b	TRUE
outputs/SIC_reanalysis_2026-07-11/06_Availability_IPW_final/11_Cox_entry4_SOFA_D3.csv	d6d84c6f85ff4f7c39afff130618596e7e47d859c728c282710d0c3b08d25098	d6d84c6f85ff4f7c39afff130618596e7e47d859c728c282710d0c3b08d25098	TRUE
outputs/SIC_reanalysis_2026-07-11/06_Availability_IPW_final/11_Cox_entry4_SOFA_noD3.csv	cc10dea666c6ba75ddfba25aabc756f15d1b4b5a3ef8298776e7ade6d6af24cc	cc10dea666c6ba75ddfba25aabc756f15d1b4b5a3ef8298776e7ade6d6af24cc	TRUE
outputs/SIC_reanalysis_2026-07-11/06_Availability_IPW_final/12_GSEA_entry3.75_SOFA_D3_all_valid.csv	69afba58776f34b71cc6d27e467c5fe4aaea1a807a4cd204fe0630bc641c392a	69afba58776f34b71cc6d27e467c5fe4aaea1a807a4cd204fe0630bc641c392a	TRUE
outputs/SIC_reanalysis_2026-07-11/06_Availability_IPW_final/12_GSEA_entry4.25_SOFA_D3_all_valid.csv	b419dd9e0860c1d6e1b333270e63f84160680049da02e9112dd8e820154de56e	b419dd9e0860c1d6e1b333270e63f84160680049da02e9112dd8e820154de56e	TRUE
outputs/SIC_reanalysis_2026-07-11/06_Availability_IPW_final/12_GSEA_entry4_PF_PLT_D3_all_valid.csv	c4b943319b1780fbb6f80ffa0539d451f274dd04188fd3652d6f2b12ff21d092	c4b943319b1780fbb6f80ffa0539d451f274dd04188fd3652d6f2b12ff21d092	TRUE
outputs/SIC_reanalysis_2026-07-11/06_Availability_IPW_final/12_GSEA_entry4_PF_PLT_noD3_all_valid.csv	7e3ab2c82002c31b21db342f2ba58ce64cd43b982797215c425a7c782a785a61	7e3ab2c82002c31b21db342f2ba58ce64cd43b982797215c425a7c782a785a61	TRUE
outputs/SIC_reanalysis_2026-07-11/06_Availability_IPW_final/12_GSEA_entry4_SOFA_D3_PH_pass.csv	dd72de22c7b28ff9bb1410787771c8bb46abae7d567ab4536e162285cdcdc986	dd72de22c7b28ff9bb1410787771c8bb46abae7d567ab4536e162285cdcdc986	TRUE
outputs/SIC_reanalysis_2026-07-11/06_Availability_IPW_final/12_GSEA_entry4_SOFA_D3_all_valid.csv	7c9f16b0f8ba56c97fe5ecb46bbeb76a73bc619f075485ca3f537b1f0d5b635f	7c9f16b0f8ba56c97fe5ecb46bbeb76a73bc619f075485ca3f537b1f0d5b635f	TRUE
outputs/SIC_reanalysis_2026-07-11/06_Availability_IPW_final/12_GSEA_entry4_SOFA_noD3_all_valid.csv	0adfb6670c011e9d58f7a43cdffa1db70130fb9b612022e2330ad2dd6bac234f	0adfb6670c011e9d58f7a43cdffa1db70130fb9b612022e2330ad2dd6bac234f	TRUE
outputs/SIC_reanalysis_2026-07-11/06_Availability_IPW_final/13_Cox_convergence_finite_PH_summary.csv	e9f41978be42a79b722802cf153bce1d62d910761060551feca630180bf5913a	e9f41978be42a79b722802cf153bce1d62d910761060551feca630180bf5913a	TRUE
outputs/SIC_reanalysis_2026-07-11/06_Availability_IPW_final/14_all_weighted_Hallmark_results.csv	7f2a78d76e74c66405277e5dff8a8e32f9b0734e25ea48be563ce57025fa3b23	7f2a78d76e74c66405277e5dff8a8e32f9b0734e25ea48be563ce57025fa3b23	TRUE
outputs/SIC_reanalysis_2026-07-11/06_Availability_IPW_final/15_all_weighted_Hallmark_leading_edges.csv	6a0db07ad009acf2f4c6a348c3c1ee3c516b764f6b5b105464e480d055186854	6a0db07ad009acf2f4c6a348c3c1ee3c516b764f6b5b105464e480d055186854	TRUE
outputs/SIC_reanalysis_2026-07-11/06_Availability_IPW_final/16_all_Hallmark_unweighted_vs_IPW.csv	bf5b349fa6f411b14021709d7e82bdae7d3826fb2264696691c6457573a709eb	bf5b349fa6f411b14021709d7e82bdae7d3826fb2264696691c6457573a709eb	TRUE
outputs/SIC_reanalysis_2026-07-11/06_Availability_IPW_final/17_all_Hallmark_comparison_metrics.csv	435d708f1dcbb6f37a8f283e828e53080cb5fd7bddfdb98e63eb2ed69eddf58b	435d708f1dcbb6f37a8f283e828e53080cb5fd7bddfdb98e63eb2ed69eddf58b	TRUE
outputs/SIC_reanalysis_2026-07-11/06_Availability_IPW_final/18_final_QA.csv	101916a967fcea9e82467e86f0ef0d68520c4d266d94fcfca6fa09351282389c	101916a967fcea9e82467e86f0ef0d68520c4d266d94fcfca6fa09351282389c	TRUE
outputs/SIC_reanalysis_2026-07-11/06_Availability_IPW_final/Figure_A_weight_balance_SMD.pdf	9f8b12ab5e4c8a52453374481ddcee5c83fd1b238ebc34346cc2dc6fab2c1891	9f8b12ab5e4c8a52453374481ddcee5c83fd1b238ebc34346cc2dc6fab2c1891	TRUE
outputs/SIC_reanalysis_2026-07-11/06_Availability_IPW_final/Figure_A_weight_balance_SMD.png	c855aad032281310848ece3cc99e2abfd3e168eba3380050ceb83562aa262ac0	c855aad032281310848ece3cc99e2abfd3e168eba3380050ceb83562aa262ac0	TRUE
outputs/SIC_reanalysis_2026-07-11/06_Availability_IPW_final/Figure_B_weight_distributions.pdf	49dbedd71f7102aeaaceca90f1b6eb1b24b2c545401ad5aa0ba5a3ac9a31af7c	49dbedd71f7102aeaaceca90f1b6eb1b24b2c545401ad5aa0ba5a3ac9a31af7c	TRUE
outputs/SIC_reanalysis_2026-07-11/06_Availability_IPW_final/Figure_B_weight_distributions.png	911b1aad756aad66cf8073199fbd11d89b7b82ce093206b9e8fe3a88c0d94a5d	911b1aad756aad66cf8073199fbd11d89b7b82ce093206b9e8fe3a88c0d94a5d	TRUE
outputs/SIC_reanalysis_2026-07-11/06_Availability_IPW_final/Figure_C_all_Hallmark_unweighted_vs_IPW.pdf	420ed799292dbf4a78942747f78b425c547923de807d74c8cda57c8e801529e1	420ed799292dbf4a78942747f78b425c547923de807d74c8cda57c8e801529e1	TRUE
outputs/SIC_reanalysis_2026-07-11/06_Availability_IPW_final/Figure_C_all_Hallmark_unweighted_vs_IPW.png	d892d62fedf177ed67b300696d148928d7ecf29d18951c03cbb253da2443357d	d892d62fedf177ed67b300696d148928d7ecf29d18951c03cbb253da2443357d	TRUE
outputs/SIC_reanalysis_2026-07-11/06_Availability_IPW_final/Figure_D_core_pathway_robustness_heatmap.pdf	c91b70271c82327a8e1c3226670b96e5483266fed3b606b3b279dacfdfc31525	c91b70271c82327a8e1c3226670b96e5483266fed3b606b3b279dacfdfc31525	TRUE
outputs/SIC_reanalysis_2026-07-11/06_Availability_IPW_final/Figure_D_core_pathway_robustness_heatmap.png	2eed33cc6f5ced6d94606daeb90c006f05aefc532493fc7223a0e5b9c4efa09b	2eed33cc6f5ced6d94606daeb90c006f05aefc532493fc7223a0e5b9c4efa09b	TRUE
outputs/SIC_reanalysis_2026-07-11/06_Availability_IPW_final/README_CN.md	1d72d5b28f4dcbd3a251c59465f93ed75372bbd57337c54586d103715be906e4	1d72d5b28f4dcbd3a251c59465f93ed75372bbd57337c54586d103715be906e4	TRUE
outputs/SIC_reanalysis_2026-07-11/06_Availability_IPW_final/controlled_participant_level/02b_D5_RNA_boundary_conflicts_controlled.csv	ec3e890b5760f40056159e76302ce099802eee20e38a876d7d9435dfd2821504	ec3e890b5760f40056159e76302ce099802eee20e38a876d7d9435dfd2821504	TRUE
outputs/SIC_reanalysis_2026-07-11/06_Availability_IPW_final/controlled_participant_level/weights_entry4_PF_PLT_D3_controlled.csv	b9452f63c9ac08f3336659575ec7236ade1f55e02fde3876eb961e3b9908f410	b9452f63c9ac08f3336659575ec7236ade1f55e02fde3876eb961e3b9908f410	TRUE
outputs/SIC_reanalysis_2026-07-11/06_Availability_IPW_final/controlled_participant_level/weights_entry4_PF_PLT_noD3_controlled.csv	5c11d0a3c1821b31eca2d4fe737f5b95f90258b1715321f66d3e90041feec0e6	5c11d0a3c1821b31eca2d4fe737f5b95f90258b1715321f66d3e90041feec0e6	TRUE
outputs/SIC_reanalysis_2026-07-11/06_Availability_IPW_final/controlled_participant_level/weights_entry4_SOFA_D3_controlled.csv	9195cc19b040d6ba56f8a17b57495b47be9962880f7dd1bd7d67129f311f3d61	9195cc19b040d6ba56f8a17b57495b47be9962880f7dd1bd7d67129f311f3d61	TRUE
outputs/SIC_reanalysis_2026-07-11/06_Availability_IPW_final/controlled_participant_level/weights_entry4_SOFA_noD3_controlled.csv	3991e79bba5d9cf9aec0401a9235b0f7fced6d068aa0d8f495270517ea039de7	3991e79bba5d9cf9aec0401a9235b0f7fced6d068aa0d8f495270517ea039de7	TRUE
outputs/SIC_reanalysis_2026-07-11/06_Availability_IPW_final/controlled_participant_level/weights_lower_SOFA_D3_controlled.csv	6d5216aa4b148349301348ab108676181db8c0787efaa86e133fc86a806341c0	6d5216aa4b148349301348ab108676181db8c0787efaa86e133fc86a806341c0	TRUE
outputs/SIC_reanalysis_2026-07-11/06_Availability_IPW_final/controlled_participant_level/weights_upper_SOFA_D3_controlled.csv	9195cc19b040d6ba56f8a17b57495b47be9962880f7dd1bd7d67129f311f3d61	9195cc19b040d6ba56f8a17b57495b47be9962880f7dd1bd7d67129f311f3d61	TRUE
outputs/SIC_reanalysis_2026-07-11/06_Availability_IPW_final/sessionInfo_Availability_IPW.txt	d58eb651c3a6f86ac03f219d6bc54ccdf19c27a198870315fd24f9a91ff10590	d58eb651c3a6f86ac03f219d6bc54ccdf19c27a198870315fd24f9a91ff10590	TRUE
outputs/SIC_reanalysis_2026-07-11/07_Freeze_Closeout/availability_IPW_implementation_addendum.md	c5b4ff94419f30b0310f6bbba414554c194f87c9e5dcf3b13e23a342e51bc654	c5b4ff94419f30b0310f6bbba414554c194f87c9e5dcf3b13e23a342e51bc654	TRUE
outputs/SIC_reanalysis_2026-07-11/07_Freeze_Closeout/canonical/canonical_design_index.tsv	f91b9ac21f7a30fb7df413dcb6374ae8cb3da59bf968d386f7687ac827d7fc36	f91b9ac21f7a30fb7df413dcb6374ae8cb3da59bf968d386f7687ac827d7fc36	TRUE
outputs/SIC_reanalysis_2026-07-11/07_Freeze_Closeout/code/11_build_canonical_archive_and_truth.R	36adad888c3651876df4f5072dd100d734441782f4112ab27915317138c14971	36adad888c3651876df4f5072dd100d734441782f4112ab27915317138c14971	TRUE
outputs/SIC_reanalysis_2026-07-11/07_Freeze_Closeout/code/12_run_sandwich_equivalence_test.R	41925f02817872a5019d9d0deeaf40ba983ecc96831d74066e236af7538d70b2	41925f02817872a5019d9d0deeaf40ba983ecc96831d74066e236af7538d70b2	TRUE
outputs/SIC_reanalysis_2026-07-11/07_Freeze_Closeout/code/13_make_submission_figures.R	f6f3d11b87b5c2695d25880a6465b5c56da9be6980125bfb4dfbb0cbecdc81b7	f6f3d11b87b5c2695d25880a6465b5c56da9be6980125bfb4dfbb0cbecdc81b7	TRUE
outputs/SIC_reanalysis_2026-07-11/07_Freeze_Closeout/code/14_build_manuscript_text.R	fec340517f7d507393abdf1ffeb1e710fa8e81ab85f625cdfe4bb5211b5c8f3d	fec340517f7d507393abdf1ffeb1e710fa8e81ab85f625cdfe4bb5211b5c8f3d	TRUE
outputs/SIC_reanalysis_2026-07-11/07_Freeze_Closeout/code/15_build_availability_supplement_tables.R	75bb28d2d7712931b31f9e3d1af8354705e09ff0b1a455f61b482c1698638863	75bb28d2d7712931b31f9e3d1af8354705e09ff0b1a455f61b482c1698638863	TRUE
outputs/SIC_reanalysis_2026-07-11/07_Freeze_Closeout/code/16_run_closeout_QA.R	315c621fff93ba578384f320010e24c99e87af044a01c64f42a1c13561290865	315c621fff93ba578384f320010e24c99e87af044a01c64f42a1c13561290865	TRUE
outputs/SIC_reanalysis_2026-07-11/07_Freeze_Closeout/code/17_build_manifests_and_closeout_report.R	dbf36551ad46b6e78d235ca2a4e03a0e69c805aa4e5cdd9d15ee279835e6d463	dbf36551ad46b6e78d235ca2a4e03a0e69c805aa4e5cdd9d15ee279835e6d463	TRUE
outputs/SIC_reanalysis_2026-07-11/07_Freeze_Closeout/code/18_build_manuscript_evidence_matrix.R	d29b4091f6688761d773294c315b1a837ba698ebcab20f4afe6ff57a1945279c	d29b4091f6688761d773294c315b1a837ba698ebcab20f4afe6ff57a1945279c	TRUE
outputs/SIC_reanalysis_2026-07-11/07_Freeze_Closeout/code/19_run_semantic_QA.R	b6ce40fd5ecda039c1b8718791f526c77ce97045cdbb0bd1aa7a46f1dc9acacf	b6ce40fd5ecda039c1b8718791f526c77ce97045cdbb0bd1aa7a46f1dc9acacf	TRUE
outputs/SIC_reanalysis_2026-07-11/07_Freeze_Closeout/code/20_build_semantic_patch_report.R	5376a6ecbd03aa83f5144b71ac960d339fc7b33f053e9e351e665719825eb01c	5376a6ecbd03aa83f5144b71ac960d339fc7b33f053e9e351e665719825eb01c	TRUE
outputs/SIC_reanalysis_2026-07-11/07_Freeze_Closeout/figures/Figure1_study_design_risksets_availability.pdf	599f3c61dc133d3ac033be01564bf737ce5aa46b25e8ecda0303df6ec675a3be	599f3c61dc133d3ac033be01564bf737ce5aa46b25e8ecda0303df6ec675a3be	TRUE
outputs/SIC_reanalysis_2026-07-11/07_Freeze_Closeout/figures/Figure1_study_design_risksets_availability.png	cf352c4add91b42d37ba4d6053cd5aba3b6b31094e9e28b4747b72043f5b64b0	cf352c4add91b42d37ba4d6053cd5aba3b6b31094e9e28b4747b72043f5b64b0	TRUE
outputs/SIC_reanalysis_2026-07-11/07_Freeze_Closeout/figures/Figure1_study_design_risksets_availability.svg	d162ee6b1547ce5003649f4919559cf390b1503736f1563470b68218b00df52d	d162ee6b1547ce5003649f4919559cf390b1503736f1563470b68218b00df52d	TRUE
outputs/SIC_reanalysis_2026-07-11/07_Freeze_Closeout/figures/Figure1_study_design_risksets_availability.tiff	d67ba3087ae7e345a51da5068682cccf53b5ad573d4087f238f5ada92da72d48	d67ba3087ae7e345a51da5068682cccf53b5ad573d4087f238f5ada92da72d48	TRUE
outputs/SIC_reanalysis_2026-07-11/07_Freeze_Closeout/figures/Figure2_RNA_core_NES.pdf	503b3d9fd98728bfaa2a656db035d428784de2c2b4b403d14364a431761f701e	503b3d9fd98728bfaa2a656db035d428784de2c2b4b403d14364a431761f701e	TRUE
outputs/SIC_reanalysis_2026-07-11/07_Freeze_Closeout/figures/Figure2_RNA_core_NES.png	185bf2b2dcafcc33bd45ebce41d7ed6766fc86eef658fb89637443ef83ba5ec1	185bf2b2dcafcc33bd45ebce41d7ed6766fc86eef658fb89637443ef83ba5ec1	TRUE
outputs/SIC_reanalysis_2026-07-11/07_Freeze_Closeout/figures/Figure2_RNA_core_NES.svg	71e329e0960f09aeccba3eff7dad4650b694e35681c51fbc5369537544dda124	71e329e0960f09aeccba3eff7dad4650b694e35681c51fbc5369537544dda124	TRUE
outputs/SIC_reanalysis_2026-07-11/07_Freeze_Closeout/figures/Figure2_RNA_core_NES.tiff	f245bc2ae67b0cbb0d2ddd4cbcd68e68bf65aa1484af84e910cabca698836afc	f245bc2ae67b0cbb0d2ddd4cbcd68e68bf65aa1484af84e910cabca698836afc	TRUE
outputs/SIC_reanalysis_2026-07-11/07_Freeze_Closeout/figures/Figure3_Protein_core_NES.pdf	7eea6e7b1e124e3e7ee4d71786bce225d4c6a21c372a80f3dbc92cecd0959f3b	7eea6e7b1e124e3e7ee4d71786bce225d4c6a21c372a80f3dbc92cecd0959f3b	TRUE
outputs/SIC_reanalysis_2026-07-11/07_Freeze_Closeout/figures/Figure3_Protein_core_NES.png	f6412431f4f5cf1759185cf687dcf0969799c8da84cb09add22f2173df9dd75b	f6412431f4f5cf1759185cf687dcf0969799c8da84cb09add22f2173df9dd75b	TRUE
outputs/SIC_reanalysis_2026-07-11/07_Freeze_Closeout/figures/Figure3_Protein_core_NES.svg	dcfdf603371a221aafd86c2cda29eb6cdee62efee1595c211686be6dcbd88ef3	dcfdf603371a221aafd86c2cda29eb6cdee62efee1595c211686be6dcbd88ef3	TRUE
outputs/SIC_reanalysis_2026-07-11/07_Freeze_Closeout/figures/Figure3_Protein_core_NES.tiff	6ea0d709f020e28c156e536ebd33d14d13873f5d097ca4f72e734fa138094e64	6ea0d709f020e28c156e536ebd33d14d13873f5d097ca4f72e734fa138094e64	TRUE
outputs/SIC_reanalysis_2026-07-11/07_Freeze_Closeout/figures/Figure4_CrossOmics_integrated_A_to_F.pdf	d4d3b9762b8594f8f4ee35cbd81912094e0418216c3d4e14aa77181fd7ea2643	d4d3b9762b8594f8f4ee35cbd81912094e0418216c3d4e14aa77181fd7ea2643	TRUE
outputs/SIC_reanalysis_2026-07-11/07_Freeze_Closeout/figures/Figure4_CrossOmics_integrated_A_to_F.png	f80fef9655449c23120f7224ae33c6147bf5cc79082ce067b7dc24445c7d671c	f80fef9655449c23120f7224ae33c6147bf5cc79082ce067b7dc24445c7d671c	TRUE
outputs/SIC_reanalysis_2026-07-11/07_Freeze_Closeout/figures/Figure4_CrossOmics_integrated_A_to_F.svg	452498c0162db9accf9d69f4185567155bfeca9f7bd0009fcd8f1331f6627260	452498c0162db9accf9d69f4185567155bfeca9f7bd0009fcd8f1331f6627260	TRUE
outputs/SIC_reanalysis_2026-07-11/07_Freeze_Closeout/figures/Figure4_CrossOmics_integrated_A_to_F.tiff	30806d077afaa8e1cea7a8163c9a873fc8386b2e142fcdf4aaf21fcf7aff7d22	30806d077afaa8e1cea7a8163c9a873fc8386b2e142fcdf4aaf21fcf7aff7d22	TRUE
outputs/SIC_reanalysis_2026-07-11/07_Freeze_Closeout/figures/Figure4_review_double_column.pdf	6dc4c5ff5336988dcd6999e2bd4cbe76ead378f01a9409e5a2568f3ce1e03fdb	6dc4c5ff5336988dcd6999e2bd4cbe76ead378f01a9409e5a2568f3ce1e03fdb	TRUE
outputs/SIC_reanalysis_2026-07-11/07_Freeze_Closeout/figures/Figure4_review_double_column.png	b8d88226dd2077ef98a0461e7501943fdbe9b91bd4ce39cc2b4142d193cb7df7	b8d88226dd2077ef98a0461e7501943fdbe9b91bd4ce39cc2b4142d193cb7df7	TRUE
outputs/SIC_reanalysis_2026-07-11/07_Freeze_Closeout/figures/Figure4_review_full_page.pdf	ac9e28a65b65208468e13fadc951f9aaf4c4becc5b7f0b544f12ab053a6bba7a	ac9e28a65b65208468e13fadc951f9aaf4c4becc5b7f0b544f12ab053a6bba7a	TRUE
outputs/SIC_reanalysis_2026-07-11/07_Freeze_Closeout/figures/Figure4_review_full_page.png	a040315d8792671e363d8cdf17d7b28af8669de154c78c39755da91b23637582	a040315d8792671e363d8cdf17d7b28af8669de154c78c39755da91b23637582	TRUE
outputs/SIC_reanalysis_2026-07-11/07_Freeze_Closeout/figures/Figure4_review_single_column.pdf	2f57d505a89e54b91fbe288efca7e318430ae13ebc3cc05a66b805bc081de6ac	2f57d505a89e54b91fbe288efca7e318430ae13ebc3cc05a66b805bc081de6ac	TRUE
outputs/SIC_reanalysis_2026-07-11/07_Freeze_Closeout/figures/Figure4_review_single_column.png	84de70bd37f656396cee0ea09cda447f323193a73cd22960b2c9ec6e5632e62b	84de70bd37f656396cee0ea09cda447f323193a73cd22960b2c9ec6e5632e62b	TRUE
outputs/SIC_reanalysis_2026-07-11/07_Freeze_Closeout/figures/Supplementary_Figure_A1_centre_positivity.pdf	7780103c713b372e0fa8a29cad94cd851b792447b720d6ec6744a94e8ecf5350	7780103c713b372e0fa8a29cad94cd851b792447b720d6ec6744a94e8ecf5350	TRUE
outputs/SIC_reanalysis_2026-07-11/07_Freeze_Closeout/figures/Supplementary_Figure_A1_centre_positivity.png	4f84bd85884ff95a63d6502933970a64e058d2cec8744a1b26d4c0bfa3978546	4f84bd85884ff95a63d6502933970a64e058d2cec8744a1b26d4c0bfa3978546	TRUE
outputs/SIC_reanalysis_2026-07-11/07_Freeze_Closeout/figures/Supplementary_Figure_A1_centre_positivity.svg	ea0833e8972cdc31db50f34a1374c02687eda813cdfeb027e9b2c6ff25e87e3f	ea0833e8972cdc31db50f34a1374c02687eda813cdfeb027e9b2c6ff25e87e3f	TRUE
outputs/SIC_reanalysis_2026-07-11/07_Freeze_Closeout/figures/Supplementary_Figure_A1_centre_positivity.tiff	4d4718de78cd4384ab589a297f3383206eeb1705042355488743fae2b47c0bd6	4d4718de78cd4384ab589a297f3383206eeb1705042355488743fae2b47c0bd6	TRUE
outputs/SIC_reanalysis_2026-07-11/07_Freeze_Closeout/figures/Supplementary_Figure_A2_probability_weight_distributions.pdf	026f4a1b8f8069edf72c9a41b9f7b82d1b3b86ee824d321ffec045b4af4ab0dc	026f4a1b8f8069edf72c9a41b9f7b82d1b3b86ee824d321ffec045b4af4ab0dc	TRUE
outputs/SIC_reanalysis_2026-07-11/07_Freeze_Closeout/figures/Supplementary_Figure_A2_probability_weight_distributions.png	0392c612a538b186abb14ca4be67eacd82b31b99a598f78e4f64e88d2ada1c72	0392c612a538b186abb14ca4be67eacd82b31b99a598f78e4f64e88d2ada1c72	TRUE
outputs/SIC_reanalysis_2026-07-11/07_Freeze_Closeout/figures/Supplementary_Figure_A2_probability_weight_distributions.svg	29db30ccd981e017ba50ff1ddc00514c836fa8f49485c27ba42a71958aa768d0	29db30ccd981e017ba50ff1ddc00514c836fa8f49485c27ba42a71958aa768d0	TRUE
outputs/SIC_reanalysis_2026-07-11/07_Freeze_Closeout/figures/Supplementary_Figure_A2_probability_weight_distributions.tiff	5f434f42e199aab38dbd5f792ecb2f065a7d0485ce431f85594da6ea8131acb0	5f434f42e199aab38dbd5f792ecb2f065a7d0485ce431f85594da6ea8131acb0	TRUE
outputs/SIC_reanalysis_2026-07-11/07_Freeze_Closeout/figures/Supplementary_Figure_A3_pre_post_weight_SMD.pdf	a87a8da93bc756169bf1fe3065b760206efddb334a7a29f6753aa48a2a0cafd8	a87a8da93bc756169bf1fe3065b760206efddb334a7a29f6753aa48a2a0cafd8	TRUE
outputs/SIC_reanalysis_2026-07-11/07_Freeze_Closeout/figures/Supplementary_Figure_A3_pre_post_weight_SMD.png	03152351e943ad65c352636d814ece24a52a3dad307e331115efdae2059d8a5b	03152351e943ad65c352636d814ece24a52a3dad307e331115efdae2059d8a5b	TRUE
outputs/SIC_reanalysis_2026-07-11/07_Freeze_Closeout/figures/Supplementary_Figure_A3_pre_post_weight_SMD.svg	ebc88a4802af7c389a03e80e02808d7ad4cc308977e12d16fd4d3596935ea2c7	ebc88a4802af7c389a03e80e02808d7ad4cc308977e12d16fd4d3596935ea2c7	TRUE
outputs/SIC_reanalysis_2026-07-11/07_Freeze_Closeout/figures/Supplementary_Figure_A3_pre_post_weight_SMD.tiff	1a467986003fa69b06eb2f651a1aaf9ba296a68787b472c7942120b91a370550	1a467986003fa69b06eb2f651a1aaf9ba296a68787b472c7942120b91a370550	TRUE
outputs/SIC_reanalysis_2026-07-11/07_Freeze_Closeout/figures/Supplementary_Figure_A4_all_Hallmark_unweighted_vs_IPW.pdf	332460271dfafffcfd36d9ca62759bb733234fa48a18cdc55e4edf02607d1220	332460271dfafffcfd36d9ca62759bb733234fa48a18cdc55e4edf02607d1220	TRUE
outputs/SIC_reanalysis_2026-07-11/07_Freeze_Closeout/figures/Supplementary_Figure_A4_all_Hallmark_unweighted_vs_IPW.png	608d894b58acff92f2f48811e52946a78122ce0f84f72d0c906e7caa520221e4	608d894b58acff92f2f48811e52946a78122ce0f84f72d0c906e7caa520221e4	TRUE
outputs/SIC_reanalysis_2026-07-11/07_Freeze_Closeout/figures/Supplementary_Figure_A4_all_Hallmark_unweighted_vs_IPW.svg	b87f4750408076d7b0346b308b504740f71f96980cc7de0c680f9fc9d0ce1919	b87f4750408076d7b0346b308b504740f71f96980cc7de0c680f9fc9d0ce1919	TRUE
outputs/SIC_reanalysis_2026-07-11/07_Freeze_Closeout/figures/Supplementary_Figure_A4_all_Hallmark_unweighted_vs_IPW.tiff	054362140f7cb01d67b5e00a0e4a2e8cdbf00b60c58a42e87c82d50acdf5b1e1	054362140f7cb01d67b5e00a0e4a2e8cdbf00b60c58a42e87c82d50acdf5b1e1	TRUE
outputs/SIC_reanalysis_2026-07-11/07_Freeze_Closeout/figures/Supplementary_Figure_A5_core_pathway_scenario_heatmap.pdf	cdf42c0beb31c62672a9baf413a9d0af1ad68213c45eaebd8aeb6c962026dd3c	cdf42c0beb31c62672a9baf413a9d0af1ad68213c45eaebd8aeb6c962026dd3c	TRUE
outputs/SIC_reanalysis_2026-07-11/07_Freeze_Closeout/figures/Supplementary_Figure_A5_core_pathway_scenario_heatmap.png	daabfb6e6be9d7d18e81c8f64d9e81c99613a92d1489007984b3be3661693452	daabfb6e6be9d7d18e81c8f64d9e81c99613a92d1489007984b3be3661693452	TRUE
outputs/SIC_reanalysis_2026-07-11/07_Freeze_Closeout/figures/Supplementary_Figure_A5_core_pathway_scenario_heatmap.svg	e8d66aa2a85475965b470ebd9e191bc601cbd15a03c734951d016d3211447989	e8d66aa2a85475965b470ebd9e191bc601cbd15a03c734951d016d3211447989	TRUE
outputs/SIC_reanalysis_2026-07-11/07_Freeze_Closeout/figures/Supplementary_Figure_A5_core_pathway_scenario_heatmap.tiff	67554b4f7757bc64f6860651a1483caac106493959531bf7a7b840ffd094ba3d	67554b4f7757bc64f6860651a1483caac106493959531bf7a7b840ffd094ba3d	TRUE
outputs/SIC_reanalysis_2026-07-11/07_Freeze_Closeout/figures/Supplementary_Figure_A6_six_scenario_robustness_metrics.pdf	3a49fad498fb066076c839ac6dc6513500b407d9d8bb2e087d4607a0e303a621	3a49fad498fb066076c839ac6dc6513500b407d9d8bb2e087d4607a0e303a621	TRUE
outputs/SIC_reanalysis_2026-07-11/07_Freeze_Closeout/figures/Supplementary_Figure_A6_six_scenario_robustness_metrics.png	6a59f5119f1408288b2a34e24fe662d4a5abf8316b62e98137f7b781ea847e89	6a59f5119f1408288b2a34e24fe662d4a5abf8316b62e98137f7b781ea847e89	TRUE
outputs/SIC_reanalysis_2026-07-11/07_Freeze_Closeout/figures/Supplementary_Figure_A6_six_scenario_robustness_metrics.svg	802bf1c7ead006cf57f23cb0f63428fa0d95200370312c1431792574cbf3bd91	802bf1c7ead006cf57f23cb0f63428fa0d95200370312c1431792574cbf3bd91	TRUE
outputs/SIC_reanalysis_2026-07-11/07_Freeze_Closeout/figures/Supplementary_Figure_A6_six_scenario_robustness_metrics.tiff	331e162bc889a5969a52f2e5daa07f425e387a30f59e05bee7efd7599242bcfa	331e162bc889a5969a52f2e5daa07f425e387a30f59e05bee7efd7599242bcfa	TRUE
outputs/SIC_reanalysis_2026-07-11/07_Freeze_Closeout/figures/Supplementary_Figure_A7_entry_boundary_sensitivity.pdf	c0a105513d378624f23dc5e7bc773c4b013c323cc50bcd8cf2f3660f13a87968	c0a105513d378624f23dc5e7bc773c4b013c323cc50bcd8cf2f3660f13a87968	TRUE
outputs/SIC_reanalysis_2026-07-11/07_Freeze_Closeout/figures/Supplementary_Figure_A7_entry_boundary_sensitivity.png	ef929e3828e72fe5f3d6dd4ab25e576a23dac8a5a212081fb7b98de7877a5f81	ef929e3828e72fe5f3d6dd4ab25e576a23dac8a5a212081fb7b98de7877a5f81	TRUE
outputs/SIC_reanalysis_2026-07-11/07_Freeze_Closeout/figures/Supplementary_Figure_A7_entry_boundary_sensitivity.svg	842d321a65785e384d6871c0d12b1b2390680da077983c1532891f3c7cbc0e42	842d321a65785e384d6871c0d12b1b2390680da077983c1532891f3c7cbc0e42	TRUE
outputs/SIC_reanalysis_2026-07-11/07_Freeze_Closeout/figures/Supplementary_Figure_A7_entry_boundary_sensitivity.tiff	30f8d7c763d4faab7274e5de86356584b330c47c2bfacc87b4102b39801c2278	30f8d7c763d4faab7274e5de86356584b330c47c2bfacc87b4102b39801c2278	TRUE
outputs/SIC_reanalysis_2026-07-11/07_Freeze_Closeout/figures/Supplementary_Figure_A8_D5_protein_availability.pdf	a070aa96126150f99bf8796b230a2e71c54033fdb39a0ef2fbc8798eaa8e6a67	a070aa96126150f99bf8796b230a2e71c54033fdb39a0ef2fbc8798eaa8e6a67	TRUE
outputs/SIC_reanalysis_2026-07-11/07_Freeze_Closeout/figures/Supplementary_Figure_A8_D5_protein_availability.png	4ba663a67d191ac36522a52360f95cd7e9c3ac09eec019081ab8a2dcbbb6a541	4ba663a67d191ac36522a52360f95cd7e9c3ac09eec019081ab8a2dcbbb6a541	TRUE
outputs/SIC_reanalysis_2026-07-11/07_Freeze_Closeout/figures/Supplementary_Figure_A8_D5_protein_availability.svg	2dd7bc64e01bbf61ff2adb025d972283f6d247e55ea863bf7a4519e6fec91754	2dd7bc64e01bbf61ff2adb025d972283f6d247e55ea863bf7a4519e6fec91754	TRUE
outputs/SIC_reanalysis_2026-07-11/07_Freeze_Closeout/figures/Supplementary_Figure_A8_D5_protein_availability.tiff	0b57e87c6d0d9557bec8d174573c602a535dfb2ed72370d37ca9823cab39d63b	0b57e87c6d0d9557bec8d174573c602a535dfb2ed72370d37ca9823cab39d63b	TRUE
outputs/SIC_reanalysis_2026-07-11/07_Freeze_Closeout/final_freeze_closeout_report_CN.md	9a410c7d40a6c5b355a987c06106e23e859709c3a383cb02d88b64267b9dccd3	9a410c7d40a6c5b355a987c06106e23e859709c3a383cb02d88b64267b9dccd3	TRUE
outputs/SIC_reanalysis_2026-07-11/07_Freeze_Closeout/manuscript/Abstract_numeric_stub.md	2003ed88637153b154b1f1ca9cce7c01d2260076518e3e52947b376cfa37002e	2003ed88637153b154b1f1ca9cce7c01d2260076518e3e52947b376cfa37002e	TRUE
outputs/SIC_reanalysis_2026-07-11/07_Freeze_Closeout/manuscript/Figure_legends_production.md	79e54829d55c182b94203c14ea999fa4edbd9bbd25a9bc135ac7a33fa6167fb3	79e54829d55c182b94203c14ea999fa4edbd9bbd25a9bc135ac7a33fa6167fb3	TRUE
outputs/SIC_reanalysis_2026-07-11/07_Freeze_Closeout/manuscript/Limitations_production.md	904941aca79e5aa9c553219f2cac816eaaead283794a7a5f132ea648fdfababe	904941aca79e5aa9c553219f2cac816eaaead283794a7a5f132ea648fdfababe	TRUE
outputs/SIC_reanalysis_2026-07-11/07_Freeze_Closeout/manuscript/Methods_production.md	42b8a3e680cf1a065280bd58f34f82d965c6191a869ac2bb5cd100c1cf1c0e27	42b8a3e680cf1a065280bd58f34f82d965c6191a869ac2bb5cd100c1cf1c0e27	TRUE
outputs/SIC_reanalysis_2026-07-11/07_Freeze_Closeout/manuscript/Results_production.md	39342f18ae3fe212a7ff537fc5e32d9c3cf3819553e7a0b9715252022e56b19a	39342f18ae3fe212a7ff537fc5e32d9c3cf3819553e7a0b9715252022e56b19a	TRUE
outputs/SIC_reanalysis_2026-07-11/07_Freeze_Closeout/manuscript/Supplementary_figure_legends_production.md	8fb6dca8a7aea316beb3ae9fc7e40264a799e790e4a1fa81c4295c98c83f15cb	8fb6dca8a7aea316beb3ae9fc7e40264a799e790e4a1fa81c4295c98c83f15cb	TRUE
outputs/SIC_reanalysis_2026-07-11/07_Freeze_Closeout/manuscript/Supplementary_table_captions_production.md	936e6cfa82b1835291f032f642c3ef2e5154dc82d34745e27def8f30da6c7254	936e6cfa82b1835291f032f642c3ef2e5154dc82d34745e27def8f30da6c7254	TRUE
outputs/SIC_reanalysis_2026-07-11/07_Freeze_Closeout/manuscript/manuscript_evidence_matrix.tsv	7182a44c71433050b9ada8a91722cb53a01223710d511b3a21348fc26331a276	7182a44c71433050b9ada8a91722cb53a01223710d511b3a21348fc26331a276	TRUE
outputs/SIC_reanalysis_2026-07-11/07_Freeze_Closeout/manuscript/sessionInfo_evidence_matrix.txt	4b0ca306efec46bb84293d9bf03449cd7c555dfd54da0624a297b97807de589b	4b0ca306efec46bb84293d9bf03449cd7c555dfd54da0624a297b97807de589b	TRUE
outputs/SIC_reanalysis_2026-07-11/07_Freeze_Closeout/manuscript/sessionInfo_manuscript_production.txt	d3974a8011a5b5af666dd25a9f7415de456526f678346201b15b2b9d76314793	d3974a8011a5b5af666dd25a9f7415de456526f678346201b15b2b9d76314793	TRUE
outputs/SIC_reanalysis_2026-07-11/07_Freeze_Closeout/manuscript/terminology_ledger.tsv	5caf6caffd5f1b77bb6976e5611b32d7d682c052936a6fed379def988827eebd	5caf6caffd5f1b77bb6976e5611b32d7d682c052936a6fed379def988827eebd	TRUE
outputs/SIC_reanalysis_2026-07-11/07_Freeze_Closeout/manuscript_interface_patch_report_CN.md	5d6097a410f7ea46b8b0c720303f51f494aa990d40da713749014b7340596fb5	5d6097a410f7ea46b8b0c720303f51f494aa990d40da713749014b7340596fb5	TRUE
outputs/SIC_reanalysis_2026-07-11/07_Freeze_Closeout/numeric_truth_dictionary.tsv	02707a1286b642ce1abfc7d8f836e378f3530991fa15b657825f2f1a9364ea4c	02707a1286b642ce1abfc7d8f836e378f3530991fa15b657825f2f1a9364ea4c	TRUE
outputs/SIC_reanalysis_2026-07-11/07_Freeze_Closeout/numeric_truth_table.tsv	090e24eb0965a827d221ca04085ced29f335f8a3acf7b4fe25e73a2057e6a9a3	090e24eb0965a827d221ca04085ced29f335f8a3acf7b4fe25e73a2057e6a9a3	TRUE
outputs/SIC_reanalysis_2026-07-11/07_Freeze_Closeout/public_source_data/SourceData_Figure1_D5_availability.tsv	b25b2150dccd70fc07e09ddf049a81322269ea3406570e6015246682b702b763	b25b2150dccd70fc07e09ddf049a81322269ea3406570e6015246682b702b763	TRUE
outputs/SIC_reanalysis_2026-07-11/07_Freeze_Closeout/public_source_data/SourceData_Figure1_centre_classes.tsv	f18b51b5091de88f4a0ff8e198a352bc5fb53045156954a15cd79bfe56ce3b4a	f18b51b5091de88f4a0ff8e198a352bc5fb53045156954a15cd79bfe56ce3b4a	TRUE
outputs/SIC_reanalysis_2026-07-11/07_Freeze_Closeout/public_source_data/SourceData_Figure1_exclusions.tsv	654b7af2552db007628d311b1752957179641ce06c8da7e2d5bb38632f78fd04	654b7af2552db007628d311b1752957179641ce06c8da7e2d5bb38632f78fd04	TRUE
outputs/SIC_reanalysis_2026-07-11/07_Freeze_Closeout/public_source_data/SourceData_Figure1_samples.tsv	65e115f7d12104cfa2813267f2f5bc9bafaa67df5607bf6561487a7f276351af	65e115f7d12104cfa2813267f2f5bc9bafaa67df5607bf6561487a7f276351af	TRUE
outputs/SIC_reanalysis_2026-07-11/07_Freeze_Closeout/public_source_data/SourceData_Figure2_RNA.tsv	d698ae9ef47376d41d9a6f94f44d85d704dc6e90ad8902ca4a2eddc6ed077c32	d698ae9ef47376d41d9a6f94f44d85d704dc6e90ad8902ca4a2eddc6ed077c32	TRUE
outputs/SIC_reanalysis_2026-07-11/07_Freeze_Closeout/public_source_data/SourceData_Figure3_Protein.tsv	ac732b80e7b93ed413d0e1a0eb1ad110084e583c7b1cf12624a3b764128813d2	ac732b80e7b93ed413d0e1a0eb1ad110084e583c7b1cf12624a3b764128813d2	TRUE
outputs/SIC_reanalysis_2026-07-11/07_Freeze_Closeout/public_source_data/SourceData_Figure4A_same_time.tsv	4407606a8a5af8c1943b48111e44b859d4a11ead62172ef6e4e24e843517f90d	4407606a8a5af8c1943b48111e44b859d4a11ead62172ef6e4e24e843517f90d	TRUE
outputs/SIC_reanalysis_2026-07-11/07_Freeze_Closeout/public_source_data/SourceData_Figure4B_forward_D1_D3.tsv	3c0d9eadd4bf335ec593536329a1b26d4719643e4ee8337f995a01eb8874ca13	3c0d9eadd4bf335ec593536329a1b26d4719643e4ee8337f995a01eb8874ca13	TRUE
outputs/SIC_reanalysis_2026-07-11/07_Freeze_Closeout/public_source_data/SourceData_Figure4C_forward_D3_D5.tsv	0861119f80153adc553fd3aade26f82d0d56b1f94fc7ec7b169334966f7baf5e	0861119f80153adc553fd3aade26f82d0d56b1f94fc7ec7b169334966f7baf5e	TRUE
outputs/SIC_reanalysis_2026-07-11/07_Freeze_Closeout/public_source_data/SourceData_Figure4D_reverse.tsv	fe2b98930c12edb9ad1b09d44ac703917580e4b34d8c6661cefa31ba72709d7f	fe2b98930c12edb9ad1b09d44ac703917580e4b34d8c6661cefa31ba72709d7f	TRUE
outputs/SIC_reanalysis_2026-07-11/07_Freeze_Closeout/public_source_data/SourceData_Figure4E_OXPHOS_attenuation.tsv	245e8464a6c3405b15370c5f9914f927ce8acf50a7f323147b20dd7811f84f60	245e8464a6c3405b15370c5f9914f927ce8acf50a7f323147b20dd7811f84f60	TRUE
outputs/SIC_reanalysis_2026-07-11/07_Freeze_Closeout/public_source_data/SourceData_Figure4F_IFN_effects.tsv	0d45720dbcfd862360261a6ef5f6fad3a9afbca164561e61d730dd7c5b752116	0d45720dbcfd862360261a6ef5f6fad3a9afbca164561e61d730dd7c5b752116	TRUE
outputs/SIC_reanalysis_2026-07-11/07_Freeze_Closeout/public_source_data/SourceData_Supplementary_Figure_A1.tsv	d7d3171541a49c94425dd915fe95420c79d2daaf1390f02cf51d7c04fd89958f	d7d3171541a49c94425dd915fe95420c79d2daaf1390f02cf51d7c04fd89958f	TRUE
outputs/SIC_reanalysis_2026-07-11/07_Freeze_Closeout/public_source_data/SourceData_Supplementary_Figure_A2.tsv	271b9130f22840896d4863526eafa3f9643f9dcc41e94ef6104450c5544cf3b8	271b9130f22840896d4863526eafa3f9643f9dcc41e94ef6104450c5544cf3b8	TRUE
outputs/SIC_reanalysis_2026-07-11/07_Freeze_Closeout/public_source_data/SourceData_Supplementary_Figure_A3.tsv	7478fe2bfea91e3902e54969f29df7539f3e78db8018638dfd3b846f005e08d2	7478fe2bfea91e3902e54969f29df7539f3e78db8018638dfd3b846f005e08d2	TRUE
outputs/SIC_reanalysis_2026-07-11/07_Freeze_Closeout/public_source_data/SourceData_Supplementary_Figure_A4.tsv	cc0ea09a7c4447b8bcef8c9e2d159005c02c695bc76ec23dd313d51e639bdd01	cc0ea09a7c4447b8bcef8c9e2d159005c02c695bc76ec23dd313d51e639bdd01	TRUE
outputs/SIC_reanalysis_2026-07-11/07_Freeze_Closeout/public_source_data/SourceData_Supplementary_Figure_A5.tsv	fa94dbbfe65ab445a2b432238446b807838c166e0c52b0a8901b2b14e367c78e	fa94dbbfe65ab445a2b432238446b807838c166e0c52b0a8901b2b14e367c78e	TRUE
outputs/SIC_reanalysis_2026-07-11/07_Freeze_Closeout/public_source_data/SourceData_Supplementary_Figure_A6.tsv	9fc8896eff6f1f113376f2cb54b75380d48b7dc0e61422d7db68e4dd59c0d126	9fc8896eff6f1f113376f2cb54b75380d48b7dc0e61422d7db68e4dd59c0d126	TRUE
outputs/SIC_reanalysis_2026-07-11/07_Freeze_Closeout/public_source_data/SourceData_Supplementary_Figure_A7.tsv	dac91b96eeae233cb5c31be9f7e0039fc0c95ae5021af85df1824a38bbf5e586	dac91b96eeae233cb5c31be9f7e0039fc0c95ae5021af85df1824a38bbf5e586	TRUE
outputs/SIC_reanalysis_2026-07-11/07_Freeze_Closeout/public_source_data/SourceData_Supplementary_Figure_A8.tsv	85c4d0d3a013c54963582c9de1b7b20312cc3b1733e4be94f970f57172d56f1c	85c4d0d3a013c54963582c9de1b7b20312cc3b1733e4be94f970f57172d56f1c	TRUE
outputs/SIC_reanalysis_2026-07-11/07_Freeze_Closeout/public_source_data/SupplementaryTable_Balance_SMD.tsv	305eb9e316a5a0768de7d547762a28c7fa6fd60976a3121cdd859c6076ce780f	305eb9e316a5a0768de7d547762a28c7fa6fd60976a3121cdd859c6076ce780f	TRUE
outputs/SIC_reanalysis_2026-07-11/07_Freeze_Closeout/public_source_data/SupplementaryTable_Centre_positivity.tsv	58c0db39f6a785d320b062f82e2ba9d25540dd48c0d433aab1d338d431983055	58c0db39f6a785d320b062f82e2ba9d25540dd48c0d433aab1d338d431983055	TRUE
outputs/SIC_reanalysis_2026-07-11/07_Freeze_Closeout/public_source_data/SupplementaryTable_Covariate_missingness.tsv	da1663035f216bbb8065218d5cbc251c8aa20124cbc7a29487375fc080eb989d	da1663035f216bbb8065218d5cbc251c8aa20124cbc7a29487375fc080eb989d	TRUE
outputs/SIC_reanalysis_2026-07-11/07_Freeze_Closeout/public_source_data/SupplementaryTable_Cox_PH_audit.tsv	8d4b07d4d5f67e1536c2e950c8ae5f09685763e2627b21e9fdc33115a9fdb660	8d4b07d4d5f67e1536c2e950c8ae5f09685763e2627b21e9fdc33115a9fdb660	TRUE
outputs/SIC_reanalysis_2026-07-11/07_Freeze_Closeout/public_source_data/SupplementaryTable_Entry_risksets.tsv	f0f478cbcebba0e22ca69eeb1dc2baed3661a47369487a1b6f6d6a697b14ae37	f0f478cbcebba0e22ca69eeb1dc2baed3661a47369487a1b6f6d6a697b14ae37	TRUE
outputs/SIC_reanalysis_2026-07-11/07_Freeze_Closeout/public_source_data/SupplementaryTable_Frozen_internal_QA.tsv	8032097a9d15d4c7aadd6f8c4d438772dc74bb91f1d598e4eb2ccf50a6cc7ca4	8032097a9d15d4c7aadd6f8c4d438772dc74bb91f1d598e4eb2ccf50a6cc7ca4	TRUE
outputs/SIC_reanalysis_2026-07-11/07_Freeze_Closeout/public_source_data/SupplementaryTable_Hallmark_all_models.tsv	3a8d64d814fe1ddca1e824341d3775d65c23e336cbb795059be2844e4256f3ce	3a8d64d814fe1ddca1e824341d3775d65c23e336cbb795059be2844e4256f3ce	TRUE
outputs/SIC_reanalysis_2026-07-11/07_Freeze_Closeout/public_source_data/SupplementaryTable_Hallmark_comparison.tsv	4c0fc2f8af82ccc4e63e832bf468482398b84fbd81e4c2f5ec4e797ad1897009	4c0fc2f8af82ccc4e63e832bf468482398b84fbd81e4c2f5ec4e797ad1897009	TRUE
outputs/SIC_reanalysis_2026-07-11/07_Freeze_Closeout/public_source_data/SupplementaryTable_Hallmark_leading_edges.tsv	b9f9d5744ba33d24e53f21ec761ba704d3fe7df55a3985d67bbc58b381c8ae9e	b9f9d5744ba33d24e53f21ec761ba704d3fe7df55a3985d67bbc58b381c8ae9e	TRUE
outputs/SIC_reanalysis_2026-07-11/07_Freeze_Closeout/public_source_data/SupplementaryTable_Prefit_diagnostics.tsv	7a68d2daece7dfaa6d1fc6469a2157aa3e6f8c8ad976d36d09040b0f200593ea	7a68d2daece7dfaa6d1fc6469a2157aa3e6f8c8ad976d36d09040b0f200593ea	TRUE
outputs/SIC_reanalysis_2026-07-11/07_Freeze_Closeout/public_source_data/SupplementaryTable_Protein_availability.tsv	cfbbdc2e908088df50f04bd9423883f0afb4f621392de3b808d390b5345cc6cc	cfbbdc2e908088df50f04bd9423883f0afb4f621392de3b808d390b5345cc6cc	TRUE
outputs/SIC_reanalysis_2026-07-11/07_Freeze_Closeout/public_source_data/SupplementaryTable_Scenario_metrics.tsv	2009610cae2728a579f53b01fcfc5ccf6f02d7a77c455eb0b73635cb57cc1de5	2009610cae2728a579f53b01fcfc5ccf6f02d7a77c455eb0b73635cb57cc1de5	TRUE
outputs/SIC_reanalysis_2026-07-11/07_Freeze_Closeout/public_source_data/SupplementaryTable_Time_origin_audit.tsv	b08571ad6ec1581cddbcd1de8243a709154c10eb2827aa031cf362cf944b7bc6	b08571ad6ec1581cddbcd1de8243a709154c10eb2827aa031cf362cf944b7bc6	TRUE
outputs/SIC_reanalysis_2026-07-11/07_Freeze_Closeout/public_source_data/SupplementaryTable_Transform_constants.tsv	11edd1d07927341a6aa952a09d0ee1e79f08e43c0039922857b0dde56fa2934b	11edd1d07927341a6aa952a09d0ee1e79f08e43c0039922857b0dde56fa2934b	TRUE
outputs/SIC_reanalysis_2026-07-11/07_Freeze_Closeout/public_source_data/SupplementaryTable_Weight_diagnostics.tsv	dce281c0c7f0470bd6e87d745611ccf804104238b85660c8d6b52480efa53399	dce281c0c7f0470bd6e87d745611ccf804104238b85660c8d6b52480efa53399	TRUE
outputs/SIC_reanalysis_2026-07-11/07_Freeze_Closeout/public_source_data/Supplementary_Tables_Availability_IPW.xlsx	7880bc26066f70d2350c751ff5df29e82be51b36a264e052c749b2a19cecfb1b	7880bc26066f70d2350c751ff5df29e82be51b36a264e052c749b2a19cecfb1b	TRUE
outputs/SIC_reanalysis_2026-07-11/07_Freeze_Closeout/public_source_data/sessionInfo_supplement_table_build.txt	411d91372efd822aecae1fed89281f61cebec09f3acac9b4474206b46cc623a1	411d91372efd822aecae1fed89281f61cebec09f3acac9b4474206b46cc623a1	TRUE
outputs/SIC_reanalysis_2026-07-11/07_Freeze_Closeout/qa/Figure4_readability_review.tsv	6440220050a34c926583af497e15f227dbb0ebec3fc274398c46a897df0072a6	6440220050a34c926583af497e15f227dbb0ebec3fc274398c46a897df0072a6	TRUE
outputs/SIC_reanalysis_2026-07-11/07_Freeze_Closeout/qa/closeout_QA_report.txt	1f2c0dc9aeaa65d698a5a6c10daa6154ed163b1e9b793fa82ee24653dde47ce6	1f2c0dc9aeaa65d698a5a6c10daa6154ed163b1e9b793fa82ee24653dde47ce6	TRUE
outputs/SIC_reanalysis_2026-07-11/07_Freeze_Closeout/qa/closeout_QA_summary.tsv	9c2e49f8d7ec0c86d8b2c9a70c3aee35cdc56e2dd10c663ad16f271e5dc8fcde	9c2e49f8d7ec0c86d8b2c9a70c3aee35cdc56e2dd10c663ad16f271e5dc8fcde	TRUE
outputs/SIC_reanalysis_2026-07-11/07_Freeze_Closeout/qa/figure_axis_boundary_QA.tsv	fefd33c5e73adb3e9854116f3de95fdda437b87017f46bc9a499b02a9e6a97da	fefd33c5e73adb3e9854116f3de95fdda437b87017f46bc9a499b02a9e6a97da	TRUE
outputs/SIC_reanalysis_2026-07-11/07_Freeze_Closeout/qa/figure_rendering_QA.tsv	883c71da301e89cace3170ba6d2cf36cef8d37fcc19a70f2edae2b547d440969	883c71da301e89cace3170ba6d2cf36cef8d37fcc19a70f2edae2b547d440969	TRUE
outputs/SIC_reanalysis_2026-07-11/07_Freeze_Closeout/qa/privacy_QA.tsv	57c8cb87fd3b79c589a4a7914ef10d518b25dc9d2177a0a2eddcc25c5d4dee62	57c8cb87fd3b79c589a4a7914ef10d518b25dc9d2177a0a2eddcc25c5d4dee62	TRUE
outputs/SIC_reanalysis_2026-07-11/07_Freeze_Closeout/qa/semantic_QA_report.txt	017dff0f395839a41b571bf046309df4836b9ba9523c69af7c9c8019b5cc35b4	017dff0f395839a41b571bf046309df4836b9ba9523c69af7c9c8019b5cc35b4	TRUE
outputs/SIC_reanalysis_2026-07-11/07_Freeze_Closeout/qa/semantic_QA_summary.tsv	1b436e6817115ebf9463b8eedade1ac19a39b48ca61a47ff012af93f9f266c58	1b436e6817115ebf9463b8eedade1ac19a39b48ca61a47ff012af93f9f266c58	TRUE
outputs/SIC_reanalysis_2026-07-11/07_Freeze_Closeout/qa/sessionInfo_closeout_QA.txt	c153490bcb3bcc981ff6026d4e69724abaed68ce4d93a793ce135823e240d5bd	c153490bcb3bcc981ff6026d4e69724abaed68ce4d93a793ce135823e240d5bd	TRUE
outputs/SIC_reanalysis_2026-07-11/07_Freeze_Closeout/qa/sessionInfo_semantic_QA.txt	6d5eea1a39b6870be4e6c60859265ec52cf5b632bbad5ab7857622db52e4dc95	6d5eea1a39b6870be4e6c60859265ec52cf5b632bbad5ab7857622db52e4dc95	TRUE
outputs/SIC_reanalysis_2026-07-11/07_Freeze_Closeout/sessionInfo_closeout_figures.txt	91ed763d0dcf2cb59d35e8325a35e44e2eb9eb440209a4cf9299584e5ddc2c79	91ed763d0dcf2cb59d35e8325a35e44e2eb9eb440209a4cf9299584e5ddc2c79	TRUE
outputs/SIC_reanalysis_2026-07-11/07_Freeze_Closeout/source_files.tsv	eb8acf341e1a80baa94434408cb9f71c571fabc160a89389ad31e9d7d088ae63	eb8acf341e1a80baa94434408cb9f71c571fabc160a89389ad31e9d7d088ae63	TRUE
outputs/SIC_reanalysis_2026-07-11/07_Freeze_Closeout/superseded/README_DO_NOT_USE.md	82e33d338183fd9e1e3fabe8288390613d97090c2c00f7d099de144a524aa45b	82e33d338183fd9e1e3fabe8288390613d97090c2c00f7d099de144a524aa45b	TRUE
outputs/SIC_reanalysis_2026-07-11/07_Freeze_Closeout/superseded/superseded_files_index.tsv	c19843c0ffbe790c000e04d8930774cda227388f8166e24b97835c5748484892	c19843c0ffbe790c000e04d8930774cda227388f8166e24b97835c5748484892	TRUE
outputs/SIC_reanalysis_2026-07-11/07_Freeze_Closeout/tests/test_sandwich_equivalence.R	6cce22f3e28bd5a4c940cf15c28c019887aa721f15842d814feb5a1a2ad19dc1	6cce22f3e28bd5a4c940cf15c28c019887aa721f15842d814feb5a1a2ad19dc1	TRUE
outputs/SIC_reanalysis_2026-07-11/07_Freeze_Closeout/tests/test_submission_semantics.R	6cbd2d5069595a865deffc3e99acd4167f84252bb0d8c81f53de8ec11657bb40	6cbd2d5069595a865deffc3e99acd4167f84252bb0d8c81f53de8ec11657bb40	TRUE
outputs/SIC_reanalysis_2026-07-11/07_Freeze_Closeout/validation/formal_result_hash_semantic_comparison.tsv	41144acc8f7c4356e4d20e4ae56bf9f06659a0abd87eaf6391b2e2aebf7a06ec	41144acc8f7c4356e4d20e4ae56bf9f06659a0abd87eaf6391b2e2aebf7a06ec	TRUE
outputs/SIC_reanalysis_2026-07-11/07_Freeze_Closeout/validation/formal_result_hash_unchanged.tsv	643359b7dc5385cfe270356faa2632636e1f2ea960fae8df32c264a1ff378b63	643359b7dc5385cfe270356faa2632636e1f2ea960fae8df32c264a1ff378b63	TRUE
outputs/SIC_reanalysis_2026-07-11/07_Freeze_Closeout/validation/formal_result_hashes_post_semantic_patch.tsv	4efa472f5b942807e6fb52631695da31b1079c9a08d969747a8b3b5536af6104	4efa472f5b942807e6fb52631695da31b1079c9a08d969747a8b3b5536af6104	TRUE
outputs/SIC_reanalysis_2026-07-11/07_Freeze_Closeout/validation/formal_result_hashes_pre_semantic_patch.tsv	6b2f8b863c0f775884a094a0f38b64b69b7cb5526b84a2dc4c635177a03f7f5a	6b2f8b863c0f775884a094a0f38b64b69b7cb5526b84a2dc4c635177a03f7f5a	TRUE
outputs/SIC_reanalysis_2026-07-11/07_Freeze_Closeout/validation/robust_SE_equivalence_summary.tsv	7a7c1c779f2502404ecbe302f8d740896af669a861351c45952782204c4a460f	7a7c1c779f2502404ecbe302f8d740896af669a861351c45952782204c4a460f	TRUE
outputs/SIC_reanalysis_2026-07-11/07_Freeze_Closeout/validation/robust_SE_equivalence_test.csv	f2db8b69ede30a2fc1cd7f4ff39c9313aa5a7a30bad168cdb6398ef9cb815f27	f2db8b69ede30a2fc1cd7f4ff39c9313aa5a7a30bad168cdb6398ef9cb815f27	TRUE
outputs/SIC_reanalysis_2026-07-11/FIGURE_LEGENDS_DRAFT.md	8f7debb13f16adaa2e5015b376d61a17bf2cf23612a65e470198806e52878002	8f7debb13f16adaa2e5015b376d61a17bf2cf23612a65e470198806e52878002	TRUE
outputs/SIC_reanalysis_2026-07-11/FILE_MANIFEST_SHA256.csv	b12ea6d3ae22a0de18cf69146ee862c64e202b331f9fcd5de9a22c1281e213bf	b12ea6d3ae22a0de18cf69146ee862c64e202b331f9fcd5de9a22c1281e213bf	TRUE
outputs/SIC_reanalysis_2026-07-11/FINAL_QA_SUMMARY.csv	8a30308b5e0ff45a1c40e770d700a4b56f89622d3611d352fb389952f91f7202	8a30308b5e0ff45a1c40e770d700a4b56f89622d3611d352fb389952f91f7202	TRUE
outputs/SIC_reanalysis_2026-07-11/README_REPRODUCE_CN.md	9975bd178e6742a299f4030db989f50075d8790924e3742c78a84c7e4d2199a9	9975bd178e6742a299f4030db989f50075d8790924e3742c78a84c7e4d2199a9	TRUE
outputs/SIC_reanalysis_2026-07-11/code/00_config.R	cc80be0829115af204adb352e409a1b0b887f4731b83343d9b474e81645e2e39	cc80be0829115af204adb352e409a1b0b887f4731b83343d9b474e81645e2e39	TRUE
outputs/SIC_reanalysis_2026-07-11/code/00b_build_official_gene_map.R	e71d42a29047ed705587df870ddf3d5f79a4dba567522102c42555231f416240	e71d42a29047ed705587df870ddf3d5f79a4dba567522102c42555231f416240	TRUE
outputs/SIC_reanalysis_2026-07-11/code/01_run_RNA_TMM_cox_fgsea.R	5124e93f865411e7a1e7544f95ee7ad3db51466cc554a4ad2ceeecab0ed6a505	5124e93f865411e7a1e7544f95ee7ad3db51466cc554a4ad2ceeecab0ed6a505	TRUE
outputs/SIC_reanalysis_2026-07-11/code/01b_finalize_RNA_GSEA.R	480fd22b20c2cc2636498a16797ecac627d9cb2d9a2029d27bad65fdba8deb12	480fd22b20c2cc2636498a16797ecac627d9cb2d9a2029d27bad65fdba8deb12	TRUE
outputs/SIC_reanalysis_2026-07-11/code/02_run_Protein_QC_cox_fgsea.R	705fff777ca4a66f73a407399fb0fbf93bceb3027493bc3e3133a68bd139a7aa	705fff777ca4a66f73a407399fb0fbf93bceb3027493bc3e3133a68bd139a7aa	TRUE
outputs/SIC_reanalysis_2026-07-11/code/02b_finalize_Protein_GSEA.R	ff12feab98b830754ab56bd4db61390646e8a84a3ea1d03fa3cc3474fb3bed8f	ff12feab98b830754ab56bd4db61390646e8a84a3ea1d03fa3cc3474fb3bed8f	TRUE
outputs/SIC_reanalysis_2026-07-11/code/03_run_patient_scores_crossomics.R	1819529dac2ff6a06a9880a96c70e89455ef6e206b4e0fef2427653849cab05d	1819529dac2ff6a06a9880a96c70e89455ef6e206b4e0fef2427653849cab05d	TRUE
outputs/SIC_reanalysis_2026-07-11/code/04_make_figures_tables.R	b4dfab54ea3d17052c85da801006f883d48c99c9bc96f9ac1eb8bce1f53a0fa9	b4dfab54ea3d17052c85da801006f883d48c99c9bc96f9ac1eb8bce1f53a0fa9	TRUE
outputs/SIC_reanalysis_2026-07-11/code/05_compare_historical_and_summarize.R	b7856e260f9d52bfdd01466bb3a0533ca50369147b6d144fe5e227f89c3f70f1	b7856e260f9d52bfdd01466bb3a0533ca50369147b6d144fe5e227f89c3f70f1	TRUE
outputs/SIC_reanalysis_2026-07-11/code/06_build_RNA_normalization_robustness.R	ded0b18b3ff673e861a959830a3fd29244162033bb6859ff4c5f2208ddb89e58	ded0b18b3ff673e861a959830a3fd29244162033bb6859ff4c5f2208ddb89e58	TRUE
outputs/SIC_reanalysis_2026-07-11/code/07_freeze_manifest.R	adba78a4d7ac5f276a944af75de3cf0d075240946c45c1c0c8c4ab40da0bd8fb	adba78a4d7ac5f276a944af75de3cf0d075240946c45c1c0c8c4ab40da0bd8fb	TRUE
outputs/SIC_reanalysis_2026-07-11/code/08_validate_final_outputs.R	5d674b00ff59b58db5bc36ca5c68b57e763a2cab7901a1f47a68be2c1d35bd3a	5d674b00ff59b58db5bc36ca5c68b57e763a2cab7901a1f47a68be2c1d35bd3a	TRUE
outputs/SIC_reanalysis_2026-07-11/code/09_build_clinical_tables.R	7f9618ce40598da8a6404c86c64ccd6e40ddb7adb7ead09eae23b77f75023463	7f9618ce40598da8a6404c86c64ccd6e40ddb7adb7ead09eae23b77f75023463	TRUE
outputs/SIC_reanalysis_2026-07-11/code/10_run_availability_IPW_sensitivity.R	132c4370b965177b34b375370e407167178abefd28e9ea633f052f37fffb8887	132c4370b965177b34b375370e407167178abefd28e9ea633f052f37fffb8887	TRUE
outputs/SIC_reanalysis_2026-07-11/code/10a_availability_ipw_helpers.R	ee786e2f0ee1c479ebfed7366e8308858f2437b899dbfdd28a31a7854b04c6a9	ee786e2f0ee1c479ebfed7366e8308858f2437b899dbfdd28a31a7854b04c6a9	TRUE
outputs/SIC_reanalysis_2026-07-11/code/run_all.R	3400908c0e3cda31377b95ff10527660f5b83e988a3372d2d9c83ccb58927b97	3400908c0e3cda31377b95ff10527660f5b83e988a3372d2d9c83ccb58927b97	TRUE
outputs/SIC_reanalysis_2026-07-11/tests/test_10_availability_ipw.R	065e2000bd108d87efe011a3051c6671f843a5a50b2ba8412e2c916e87a68ffa	065e2000bd108d87efe011a3051c6671f843a5a50b2ba8412e2c916e87a68ffa	TRUE
work/SIC_reproducibility_archive_review/SIC_reproducibility_archive/frozen_results/CrossOmics/06_cross_lag_robustness_summary.csv	1b701d0794e3bf653e0081143071c383e2b02cffae79d6eb8d000584ee57be34	1b701d0794e3bf653e0081143071c383e2b02cffae79d6eb8d000584ee57be34	TRUE
work/SIC_reproducibility_archive_review/SIC_reproducibility_archive/frozen_results/CrossOmics/07_same_time_robustness_summary.csv	42b684985d6ea8bcdcef1720edcff8c76bcea4b39fdc531fe9c9bef6f5c32c99	42b684985d6ea8bcdcef1720edcff8c76bcea4b39fdc531fe9c9bef6f5c32c99	TRUE
