entry_name	entry	spec	variable	SMD_before	SMD_after
primary	4	SOFA_D3	age_z	0.047545432638351	0.0175979267540286
primary	4	SOFA_D3	sex=0	-0.0386806521415991	-0.00918057749048351
primary	4	SOFA_D3	sex=1	0.0386806521415989	0.0091805774904834
primary	4	SOFA_D3	SOFA_z	0.0154294559445194	0.000547800132056212
primary	4	SOFA_D3	log2_lac_z	0.0604785838759077	0.010106028210832
primary	4	SOFA_D3	log2_inr_z	0.0883035435832812	0.0591110598013203
primary	4	SOFA_D3	log2_ddimer_z	-0.0371287647963449	-0.0261211229077111
primary	4	SOFA_D3	infectionSite_SD=Lung/Chest	0.0603487520918672	0.0318921338968611
primary	4	SOFA_D3	infectionSite_SD=Urinary	-0.0367740200339473	-0.0404983542539902
primary	4	SOFA_D3	infectionSite_SD=SoftTissue	-0.03562904200715	-0.0154584284611792
primary	4	SOFA_D3	infectionSite_SD=Abdomen	-0.00388956180155798	0.000115193040715766
primary	4	SOFA_D3	infectionSite_SD=Biliary/Liver	-0.0225845943457366	0.0119273141558971
primary	4	SOFA_D3	infectionSite_SD=Others/Unknown	0.00410438129815693	-0.00331440926999384
primary	4	SOFA_D3	center=Centre 01	-0.0163475491914997	-0.0162193042141521
primary	4	SOFA_D3	center=Centre 02	0.0298516749861506	0.0093232537348894
primary	4	SOFA_D3	center=Centre 03	0.0366104035859039	0.0114313520628804
primary	4	SOFA_D3	center=Centre 05	-0.0446298268303618	0.00489356436511477
primary	4	SOFA_D3	center=Centre 06	0.0210797338870439	0.0065852022431156
primary	4	SOFA_D3	center=Centre 07	-0.290042679883213	-0.166179437446501
primary	4	SOFA_D3	center=Centre 08	0.0423316966822672	0.0132145542731852
primary	4	SOFA_D3	center=Centre 09	-0.0278754371225123	0.0630918918992811
primary	4	SOFA_D3	center=Centre 10	0.0942081572151159	0.0292965145218667
primary	4	SOFA_D3	center=Centre 11	0.0210797338870439	0.0065852022431156
primary	4	SOFA_D3	center=Centre 13	0.0298516749861506	0.0093232537348894
primary	4	SOFA_D3	center=Centre 14	0.0210412454029532	0.00794857524290468
primary	4	SOFA_D3	center=Centre 15	0.129240344179966	0.0548319121846938
primary	4	SOFA_D3	center=Centre 16	0.0181001102855676	-0.00646209235035514
primary	4	SOFA_D3	center=Centre 17	0.0519875974378265	0.0162208092951938
primary	4	SOFA_D3	center=Centre 19	-0.0328779133793129	-0.0516538908657513
primary	4	SOFA_D3	center=Centre 20	-0.0163475491914997	0.00967019517102626
primary	4	SOFA_D3	center=Centre 21	0.0298516749861506	0.0093232537348894
primary	4	SOFA_D3	center=Centre 22	-0.078116590263798	-0.0461372703229606
primary	4	SOFA_D3	center=Centre 23	0.0366104035859039	0.0114313520628804
primary	4	SOFA_D3	center=Centre 24	-0.0202163590282927	-0.00213034743309664
primary	4	SOFA_D3	center=Centre 25	0.0210797338870439	0.0065852022431156
primary	4	SOFA_D3	center=Centre 26	0.0639412822989903	0.0482543675387719
primary	4	SOFA_D3	center=Centre 27	0.0741343703449962	0.0230960194556006
primary	4	SOFA_D3	center=Centre 28	-0.0804225880083308	-0.0539982891787728
primary	4	SOFA_D3	center=Centre 29	0.0423316966822672	0.0132145542731852
primary	4	SOFA_D3	center=Centre 30	-0.0368099093436772	0.0137472089723568
primary	4	SOFA_D3	RNA_D3_available	0.531919273543168	0.44985291306032
primary	4	SOFA_noD3	age_z	0.047545432638351	0.012344420400682
primary	4	SOFA_noD3	sex=0	-0.0386806521415991	0.021846072386836
primary	4	SOFA_noD3	sex=1	0.0386806521415989	-0.0218460723868361
primary	4	SOFA_noD3	SOFA_z	0.0154294559445194	0.0290811897918897
primary	4	SOFA_noD3	log2_lac_z	0.0604785838759077	0.00691614088451445
primary	4	SOFA_noD3	log2_inr_z	0.0883035435832812	0.00323837273451792
primary	4	SOFA_noD3	log2_ddimer_z	-0.0371287647963449	-0.00689971822794708
primary	4	SOFA_noD3	infectionSite_SD=Lung/Chest	0.0603487520918672	-0.00840304471144185
primary	4	SOFA_noD3	infectionSite_SD=Urinary	-0.0367740200339473	-0.0142104099919064
primary	4	SOFA_noD3	infectionSite_SD=SoftTissue	-0.03562904200715	0.00270971910942117
primary	4	SOFA_noD3	infectionSite_SD=Abdomen	-0.00388956180155798	0.0109877058243946
primary	4	SOFA_noD3	infectionSite_SD=Biliary/Liver	-0.0225845943457366	0.0253447396582425
primary	4	SOFA_noD3	infectionSite_SD=Others/Unknown	0.00410438129815693	-0.0153079231487233
primary	4	SOFA_noD3	center=Centre 01	-0.0163475491914997	-0.0191503174045033
primary	4	SOFA_noD3	center=Centre 02	0.0298516749861506	1.91841618289683e-05
primary	4	SOFA_noD3	center=Centre 03	0.0366104035859039	2.35199673520621e-05
primary	4	SOFA_noD3	center=Centre 05	-0.0446298268303618	-0.00653053287098822
primary	4	SOFA_noD3	center=Centre 06	0.0210797338870439	1.35512856242882e-05
primary	4	SOFA_noD3	center=Centre 07	-0.290042679883213	-0.00275971900556486
primary	4	SOFA_noD3	center=Centre 08	0.0423316966822672	2.71866230647138e-05
primary	4	SOFA_noD3	center=Centre 09	-0.0278754371225123	0.0114975084715762
primary	4	SOFA_noD3	center=Centre 10	0.0942081572151159	6.01940767152929e-05
primary	4	SOFA_noD3	center=Centre 11	0.0210797338870439	1.35512856242882e-05
primary	4	SOFA_noD3	center=Centre 13	0.0298516749861506	1.91841618289683e-05
primary	4	SOFA_noD3	center=Centre 14	0.0210412454029532	-0.00603463355763946
primary	4	SOFA_noD3	center=Centre 15	0.129240344179966	-0.000570161590512547
primary	4	SOFA_noD3	center=Centre 16	0.0181001102855676	-0.00873507973357317
primary	4	SOFA_noD3	center=Centre 17	0.0519875974378265	3.3365839665319e-05
primary	4	SOFA_noD3	center=Centre 19	-0.0328779133793129	-0.00622286321713091
primary	4	SOFA_noD3	center=Centre 20	-0.0163475491914997	-0.00203556743157307
primary	4	SOFA_noD3	center=Centre 21	0.0298516749861506	1.91841618289683e-05
primary	4	SOFA_noD3	center=Centre 22	-0.078116590263798	0.00342280684107231
primary	4	SOFA_noD3	center=Centre 23	0.0366104035859039	2.35199673520621e-05
primary	4	SOFA_noD3	center=Centre 24	-0.0202163590282927	0.00309854496966341
primary	4	SOFA_noD3	center=Centre 25	0.0210797338870439	1.35512856242882e-05
primary	4	SOFA_noD3	center=Centre 26	0.0639412822989903	0.00129328805728828
primary	4	SOFA_noD3	center=Centre 27	0.0741343703449962	4.74835526130607e-05
primary	4	SOFA_noD3	center=Centre 28	-0.0804225880083308	0.0256005264409872
primary	4	SOFA_noD3	center=Centre 29	0.0423316966822672	2.71866230647138e-05
primary	4	SOFA_noD3	center=Centre 30	-0.0368099093436772	-0.00893827073208256
primary	4	PF_PLT_D3	age_z	0.047545432638351	0.0201262374708131
primary	4	PF_PLT_D3	sex=0	-0.0386806521415991	-0.00963512983545207
primary	4	PF_PLT_D3	sex=1	0.0386806521415989	0.00963512983545173
primary	4	PF_PLT_D3	pf_z	-0.121844752003021	-0.0363346752937236
primary	4	PF_PLT_D3	log2_plt_z	0.0756629248165377	0.0541651146142825
primary	4	PF_PLT_D3	log2_lac_z	0.0604785838759077	0.00317494469079705
primary	4	PF_PLT_D3	log2_inr_z	0.0883035435832812	0.0721432129413069
primary	4	PF_PLT_D3	log2_ddimer_z	-0.0371287647963449	-0.031806530537147
primary	4	PF_PLT_D3	infectionSite_SD=Lung/Chest	0.0603487520918672	0.0343460591399336
primary	4	PF_PLT_D3	infectionSite_SD=Urinary	-0.0367740200339473	-0.0473146895470345
primary	4	PF_PLT_D3	infectionSite_SD=SoftTissue	-0.03562904200715	-0.0143970402973999
primary	4	PF_PLT_D3	infectionSite_SD=Abdomen	-0.00388956180155798	0.00026804581247281
primary	4	PF_PLT_D3	infectionSite_SD=Biliary/Liver	-0.0225845943457366	0.0153778195412557
primary	4	PF_PLT_D3	infectionSite_SD=Others/Unknown	0.00410438129815693	-0.003792766031806
primary	4	PF_PLT_D3	center=Centre 01	-0.0163475491914997	-0.014836238348414
primary	4	PF_PLT_D3	center=Centre 02	0.0298516749861506	0.00897822112389671
primary	4	PF_PLT_D3	center=Centre 03	0.0366104035859039	0.0110082661874383
primary	4	PF_PLT_D3	center=Centre 05	-0.0446298268303618	-0.00947072395534464
primary	4	PF_PLT_D3	center=Centre 06	0.0210797338870439	0.00634152013722014
primary	4	PF_PLT_D3	center=Centre 07	-0.290042679883213	-0.163831510865272
primary	4	PF_PLT_D3	center=Centre 08	0.0423316966822672	0.0127254269781446
primary	4	PF_PLT_D3	center=Centre 09	-0.0278754371225123	0.0799901182449162
primary	4	PF_PLT_D3	center=Centre 10	0.0942081572151159	0.0282106315543317
primary	4	PF_PLT_D3	center=Centre 11	0.0210797338870439	0.00634152013722014
primary	4	PF_PLT_D3	center=Centre 13	0.0298516749861506	0.00897822112389671
primary	4	PF_PLT_D3	center=Centre 14	0.0210412454029532	0.00702658206614715
primary	4	PF_PLT_D3	center=Centre 15	0.129240344179966	0.0532519852687261
primary	4	PF_PLT_D3	center=Centre 16	0.0181001102855676	-0.00836113893018357
primary	4	PF_PLT_D3	center=Centre 17	0.0519875974378265	0.0156203005838876
primary	4	PF_PLT_D3	center=Centre 19	-0.0328779133793129	-0.0523175063070543
primary	4	PF_PLT_D3	center=Centre 20	-0.0163475491914997	0.0088597934225832
primary	4	PF_PLT_D3	center=Centre 21	0.0298516749861506	0.00897822112389671
primary	4	PF_PLT_D3	center=Centre 22	-0.078116590263798	-0.0453655003993399
primary	4	PF_PLT_D3	center=Centre 23	0.0366104035859039	0.0110082661874383
primary	4	PF_PLT_D3	center=Centre 24	-0.0202163590282927	-0.00711106680929586
primary	4	PF_PLT_D3	center=Centre 25	0.0210797338870439	0.00634152013722014
primary	4	PF_PLT_D3	center=Centre 26	0.0639412822989903	0.0562828637856515
primary	4	PF_PLT_D3	center=Centre 27	0.0741343703449962	0.0222405188699952
primary	4	PF_PLT_D3	center=Centre 28	-0.0804225880083308	-0.0630679907195366
primary	4	PF_PLT_D3	center=Centre 29	0.0423316966822672	0.0127254269781446
primary	4	PF_PLT_D3	center=Centre 30	-0.0368099093436772	0.00776575143601082
primary	4	PF_PLT_D3	RNA_D3_available	0.531919273543168	0.419716140012327
primary	4	PF_PLT_noD3	age_z	0.047545432638351	0.0174121617513974
primary	4	PF_PLT_noD3	sex=0	-0.0386806521415991	0.0133157011373339
primary	4	PF_PLT_noD3	sex=1	0.0386806521415989	-0.0133157011373342
primary	4	PF_PLT_noD3	pf_z	-0.121844752003021	-0.0423109525440725
primary	4	PF_PLT_noD3	log2_plt_z	0.0756629248165377	0.00840333781931251
primary	4	PF_PLT_noD3	log2_lac_z	0.0604785838759077	0.00366971753676553
primary	4	PF_PLT_noD3	log2_inr_z	0.0883035435832812	0.00692718900035525
primary	4	PF_PLT_noD3	log2_ddimer_z	-0.0371287647963449	-0.010533381665424
primary	4	PF_PLT_noD3	infectionSite_SD=Lung/Chest	0.0603487520918672	0.00627741148565917
primary	4	PF_PLT_noD3	infectionSite_SD=Urinary	-0.0367740200339473	-0.0180716650745856
primary	4	PF_PLT_noD3	infectionSite_SD=SoftTissue	-0.03562904200715	0.0123721503588359
primary	4	PF_PLT_noD3	infectionSite_SD=Abdomen	-0.00388956180155798	0.00485481306150993
primary	4	PF_PLT_noD3	infectionSite_SD=Biliary/Liver	-0.0225845943457366	0.00616095937034398
primary	4	PF_PLT_noD3	infectionSite_SD=Others/Unknown	0.00410438129815693	-0.0109384610354373
primary	4	PF_PLT_noD3	center=Centre 01	-0.0163475491914997	-0.0180301000924174
primary	4	PF_PLT_noD3	center=Centre 02	0.0298516749861506	0.000857898210306721
primary	4	PF_PLT_noD3	center=Centre 03	0.0366104035859039	0.0010517986711282
primary	4	PF_PLT_noD3	center=Centre 05	-0.0446298268303618	-0.0261486256700017
primary	4	PF_PLT_noD3	center=Centre 06	0.0210797338870439	0.0006059969987181
primary	4	PF_PLT_noD3	center=Centre 07	-0.290042679883213	-0.0282619160331877
primary	4	PF_PLT_noD3	center=Centre 08	0.0423316966822672	0.00121577764085921
primary	4	PF_PLT_noD3	center=Centre 09	-0.0278754371225123	0.0226927543294464
primary	4	PF_PLT_noD3	center=Centre 10	0.0942081572151159	0.00269214795458896
primary	4	PF_PLT_noD3	center=Centre 11	0.0210797338870439	0.0006059969987181
primary	4	PF_PLT_noD3	center=Centre 13	0.0298516749861506	0.000857898210306721
primary	4	PF_PLT_noD3	center=Centre 14	0.0210412454029532	-0.0043758869595484
primary	4	PF_PLT_noD3	center=Centre 15	0.129240344179966	0.00797426970141933
primary	4	PF_PLT_noD3	center=Centre 16	0.0181001102855676	-0.00560323748701955
primary	4	PF_PLT_noD3	center=Centre 17	0.0519875974378265	0.00149213098248935
primary	4	PF_PLT_noD3	center=Centre 19	-0.0328779133793129	-0.00377571359957461
primary	4	PF_PLT_noD3	center=Centre 20	-0.0163475491914997	-0.00523570210047596
primary	4	PF_PLT_noD3	center=Centre 21	0.0298516749861506	0.000857898210306721
primary	4	PF_PLT_noD3	center=Centre 22	-0.078116590263798	0.0130675879980563
primary	4	PF_PLT_noD3	center=Centre 23	0.0366104035859039	0.0010517986711282
primary	4	PF_PLT_noD3	center=Centre 24	-0.0202163590282927	0.00439814255224723
primary	4	PF_PLT_noD3	center=Centre 25	0.0210797338870439	0.0006059969987181
primary	4	PF_PLT_noD3	center=Centre 26	0.0639412822989903	0.00433944909876828
primary	4	PF_PLT_noD3	center=Centre 27	0.0741343703449962	0.00212356915486921
primary	4	PF_PLT_noD3	center=Centre 28	-0.0804225880083308	0.00804485907439003
primary	4	PF_PLT_noD3	center=Centre 29	0.0423316966822672	0.00121577764085921
primary	4	PF_PLT_noD3	center=Centre 30	-0.0368099093436772	-0.0112302022995448
lower	3.75	SOFA_D3	age_z	0.0511466548678526	0.0157636011050429
lower	3.75	SOFA_D3	sex=0	-0.0355423613650168	-0.00975125733713988
lower	3.75	SOFA_D3	sex=1	0.0355423613650167	0.00975125733713977
lower	3.75	SOFA_D3	SOFA_z	0.0110812760519329	0.00261406362976475
lower	3.75	SOFA_D3	log2_lac_z	0.0603952750380755	0.011542309850307
lower	3.75	SOFA_D3	log2_inr_z	0.0846213969229036	0.0607712798455873
lower	3.75	SOFA_D3	log2_ddimer_z	-0.0372821202591925	-0.0253656850250971
lower	3.75	SOFA_D3	infectionSite_SD=Lung/Chest	0.063078443952767	0.030064573878689
lower	3.75	SOFA_D3	infectionSite_SD=Urinary	-0.0362432510240994	-0.041731943418503
lower	3.75	SOFA_D3	infectionSite_SD=SoftTissue	-0.0353442055453371	-0.0176631387063484
lower	3.75	SOFA_D3	infectionSite_SD=Abdomen	-0.00342082685257582	0.000219921876671644
lower	3.75	SOFA_D3	infectionSite_SD=Biliary/Liver	-0.0282478706360197	0.0175022134296191
lower	3.75	SOFA_D3	infectionSite_SD=Others/Unknown	0.00437317826621863	-0.00402963030390294
lower	3.75	SOFA_D3	center=Centre 01	-0.0162597524707504	-0.0162632824351299
lower	3.75	SOFA_D3	center=Centre 02	0.0298665609642527	0.00910068447435682
lower	3.75	SOFA_D3	center=Centre 03	0.0366284937285201	0.0111583837891313
lower	3.75	SOFA_D3	center=Centre 05	-0.0444859310209811	0.0042744552826212
lower	3.75	SOFA_D3	center=Centre 06	0.021090340771864	0.00642803921462182
lower	3.75	SOFA_D3	center=Centre 07	-0.289188711588282	-0.163622462983964
lower	3.75	SOFA_D3	center=Centre 08	0.0423524206727058	0.0128989197673815
lower	3.75	SOFA_D3	center=Centre 09	-0.0275490157007892	0.0646155399757596
lower	3.75	SOFA_D3	center=Centre 10	0.0942475359991555	0.0285938151884494
lower	3.75	SOFA_D3	center=Centre 11	0.021090340771864	0.00642803921462182
lower	3.75	SOFA_D3	center=Centre 13	0.0298665609642527	0.00910068447435682
lower	3.75	SOFA_D3	center=Centre 14	0.0211071624628767	0.00720527727261952
lower	3.75	SOFA_D3	center=Centre 15	0.126543836050169	0.054391870439069
lower	3.75	SOFA_D3	center=Centre 16	0.0182776692702283	-0.00623393150380945
lower	3.75	SOFA_D3	center=Centre 17	0.0520125701796291	0.0158331584623516
lower	3.75	SOFA_D3	center=Centre 19	-0.0327006393266532	-0.0522926071552294
lower	3.75	SOFA_D3	center=Centre 20	-0.0162597524707504	0.0103210138570917
lower	3.75	SOFA_D3	center=Centre 21	0.0298665609642527	0.00910068447435682
lower	3.75	SOFA_D3	center=Centre 22	-0.0777494485419651	-0.045753753987621
lower	3.75	SOFA_D3	center=Centre 23	0.0366284937285201	0.0111583837891313
lower	3.75	SOFA_D3	center=Centre 24	-0.0197167121070384	-0.00486581461390759
lower	3.75	SOFA_D3	center=Centre 25	0.021090340771864	0.00642803921462182
lower	3.75	SOFA_D3	center=Centre 26	0.0640269406374533	0.0494745273585077
lower	3.75	SOFA_D3	center=Centre 27	0.0741678892964971	0.0225431454760648
lower	3.75	SOFA_D3	center=Centre 28	-0.080183914347328	-0.0520280216101989
lower	3.75	SOFA_D3	center=Centre 29	0.0423524206727058	0.0128989197673815
lower	3.75	SOFA_D3	center=Centre 30	-0.0364439762518949	0.0136706916971335
lower	3.75	SOFA_D3	RNA_D3_available	0.530603646655387	0.44186827574991
upper	4.25	SOFA_D3	age_z	0.047545432638351	0.0175979267540286
upper	4.25	SOFA_D3	sex=0	-0.0386806521415991	-0.00918057749048351
upper	4.25	SOFA_D3	sex=1	0.0386806521415989	0.0091805774904834
upper	4.25	SOFA_D3	SOFA_z	0.0154294559445194	0.000547800132056212
upper	4.25	SOFA_D3	log2_lac_z	0.0604785838759077	0.010106028210832
upper	4.25	SOFA_D3	log2_inr_z	0.0883035435832812	0.0591110598013203
upper	4.25	SOFA_D3	log2_ddimer_z	-0.0371287647963449	-0.0261211229077111
upper	4.25	SOFA_D3	infectionSite_SD=Lung/Chest	0.0603487520918672	0.0318921338968611
upper	4.25	SOFA_D3	infectionSite_SD=Urinary	-0.0367740200339473	-0.0404983542539902
upper	4.25	SOFA_D3	infectionSite_SD=SoftTissue	-0.03562904200715	-0.0154584284611792
upper	4.25	SOFA_D3	infectionSite_SD=Abdomen	-0.00388956180155798	0.000115193040715766
upper	4.25	SOFA_D3	infectionSite_SD=Biliary/Liver	-0.0225845943457366	0.0119273141558971
upper	4.25	SOFA_D3	infectionSite_SD=Others/Unknown	0.00410438129815693	-0.00331440926999384
upper	4.25	SOFA_D3	center=Centre 01	-0.0163475491914997	-0.0162193042141521
upper	4.25	SOFA_D3	center=Centre 02	0.0298516749861506	0.0093232537348894
upper	4.25	SOFA_D3	center=Centre 03	0.0366104035859039	0.0114313520628804
upper	4.25	SOFA_D3	center=Centre 05	-0.0446298268303618	0.00489356436511477
upper	4.25	SOFA_D3	center=Centre 06	0.0210797338870439	0.0065852022431156
upper	4.25	SOFA_D3	center=Centre 07	-0.290042679883213	-0.166179437446501
upper	4.25	SOFA_D3	center=Centre 08	0.0423316966822672	0.0132145542731852
upper	4.25	SOFA_D3	center=Centre 09	-0.0278754371225123	0.0630918918992811
upper	4.25	SOFA_D3	center=Centre 10	0.0942081572151159	0.0292965145218667
upper	4.25	SOFA_D3	center=Centre 11	0.0210797338870439	0.0065852022431156
upper	4.25	SOFA_D3	center=Centre 13	0.0298516749861506	0.0093232537348894
upper	4.25	SOFA_D3	center=Centre 14	0.0210412454029532	0.00794857524290468
upper	4.25	SOFA_D3	center=Centre 15	0.129240344179966	0.0548319121846938
upper	4.25	SOFA_D3	center=Centre 16	0.0181001102855676	-0.00646209235035514
upper	4.25	SOFA_D3	center=Centre 17	0.0519875974378265	0.0162208092951938
upper	4.25	SOFA_D3	center=Centre 19	-0.0328779133793129	-0.0516538908657513
upper	4.25	SOFA_D3	center=Centre 20	-0.0163475491914997	0.00967019517102626
upper	4.25	SOFA_D3	center=Centre 21	0.0298516749861506	0.0093232537348894
upper	4.25	SOFA_D3	center=Centre 22	-0.078116590263798	-0.0461372703229606
upper	4.25	SOFA_D3	center=Centre 23	0.0366104035859039	0.0114313520628804
upper	4.25	SOFA_D3	center=Centre 24	-0.0202163590282927	-0.00213034743309664
upper	4.25	SOFA_D3	center=Centre 25	0.0210797338870439	0.0065852022431156
upper	4.25	SOFA_D3	center=Centre 26	0.0639412822989903	0.0482543675387719
upper	4.25	SOFA_D3	center=Centre 27	0.0741343703449962	0.0230960194556006
upper	4.25	SOFA_D3	center=Centre 28	-0.0804225880083308	-0.0539982891787728
upper	4.25	SOFA_D3	center=Centre 29	0.0423316966822672	0.0132145542731852
upper	4.25	SOFA_D3	center=Centre 30	-0.0368099093436772	0.0137472089723568
upper	4.25	SOFA_D3	RNA_D3_available	0.531919273543168	0.44985291306032
